DATE_DAY,CAMPAIGN_ID,AD_GROUP_ID,CRITERIA_ID,GCLID,RN
2020-01-06,local,sweet potatoes,56784,1K2UoJRk8zcqmCzw1LTfWkk6u7oqBPj4XH,1
2020-10-25,organic,broccoli,56784,1DzwALAjZJYiWGGL3abuMSs6HRr4eMUAuT,1
2020-03-19,holiday promotion,apple pie,56786,18dPFhk6PCbvEa6mmnHwDaBuMS39uBHFvG,1
2020-10-08,organic,tomatoes,56786,12Fmrr2eaNpcExbHUVzDkfqAr7BSZozFeJ,1
2020-04-04,local,sweet potatoes,56786,1N49Qr5i5bQxyz1NUdxgxnfX1VSesysQtj,1
2020-06-05,organic,tomatoes,56786,19ZjGPfmvE8qEYyKHf8wuj4MydYhFnK6mc,1
2020-07-25,organic,broccoli,56784,1Ji1ENdjhioe9EBqvg5pZwakXXrtQdFVjw,1
2020-07-29,local,eggs,56786,13cvp9Ndf1KYNHqsHHyQGmuGGdExtQjaUa,1
2020-09-23,local,cheese,56784,15xu7pk8GigvEypiLhYXEdw16A9hDwjba1,1
2020-03-10,local,eggs,56785,1EEKmMxkv99X7nAcz9iBdVJpPbSyMSntYo,1
2020-03-20,local,eggs,56786,13gMTZBKhBTgWGc8FbVgKSH3maFbUgH3qK,1
2020-07-23,organic,brussels sprouts,56786,146LV8ePNv6pioU6bFuCgDu5bb8skYCmT5,1
2020-08-03,organic,tomatoes,56782,14sSWP315x2qn8M1L8BMg8GuE7txZenPqr,1
2020-07-11,organic,brussels sprouts,56784,1Cb6uJCUVdi3hnP4S8NMJZtwHtDDQAAWpf,1
2020-06-07,local,eggs,56786,17HbKKk6Aif8ssSDNAsTVfgSw9rPdwivqU,1
2020-03-17,local,tomatoes,56784,19YPe2AgbnFFMxb5baQW2T6r8pz2zVpNee,1
2020-08-26,excess inventory,oreos,56786,121gGx4KUNevbJ7XeVo3DztEKbtvCqSRFc,1
2020-03-12,organic,broccoli,56784,14b99oZiTv3dxedjgpfTdhAW9ERbRRFjDy,1
2020-06-30,holiday promotion,cranberry sauce,56786,1EqU7Qpu6tT2M2doBxJfeXcH2ZnRKrdyP8,1
2020-09-30,local,cheese,56785,1EitMh3XYVHNeAAx52SjZwJX1w73wdxx3G,1
2020-03-10,local,cheese,56786,1DuthHtqNBNtifEe3UbJtyWZHr6iSkn5Zr,1
2020-10-02,local,eggs,56786,1K3G2aFvF94cmmR5LzkP8GtRJWw9WbcHMQ,1
2020-01-09,local,cheese,56785,1C7oewZB8DCuTGNonoc1DzsquxnNsewxoJ,1
2020-06-14,local,tomatoes,56784,1BTKAvP9ySfQ9QwYYxr3xZsRPq9zVn2S5U,1
2020-06-08,holiday promotion,turkey,56786,18ymnbVqbL7SxUUHnbPrMwmhasz2EoxFkp,1
2020-01-29,organic,tomatoes,56786,158fU9mWsGufm1GPveaqBi7CTszKmz5Xeo,1
2020-09-29,local,eggs,56784,1NPptmAJLtkpeaAZ43JzxdszsL4LWuxxGd,1
2020-05-22,local,eggs,56786,18AvXXC6GiceJ7b2Ptjgg3SoAr76s48bPM,1
2020-09-20,local,eggs,56782,14uFcAfQJ1MsFzjESdWdb9UC7wCm9D9cc5,1
2020-08-11,local,eggs,56786,1DyxpSqKMdRYHAZZya9KncATZ16vSofo7y,1
2020-05-28,organic,tomatoes,56786,1Dg4pNkhkazARrJ5psbuqU8jqdbFK9M1pw,1
2020-03-14,organic,broccoli,56784,1P51sgkygfMbiKNY4LFbrYHkf3GHeWKQdp,1
2020-09-25,local,cheese,56784,19b5AegqQd2bMhymyzh2uSotWBXT2Sb1iM,1
2020-01-08,holiday promotion,turkey,56784,18W8mJksVpoJjXotX6PcFMx1u5Cjp2xPEJ,1
2020-10-07,local,eggs,56784,18yCGXMaeQtARQh3cPvD131tVSnnno8K2V,1
2020-09-15,local,cheese,56784,19C8ZzMkRXxjfmf3zUafactjcdKHqfHoni,1
2020-08-25,organic,broccoli,56784,16NeCLMh4oFUhbs9yaKCJoa11j5i3L2jh,1
2020-06-25,local,cheese,56786,1N9vAkWMSMdnazfLesFmyECWeqWhMsX7tZ,1
2020-06-01,excess inventory,cranberry sauce,56786,1Dv3tBR8qykEmQ94HXdNTArHNW3tgJZwwt,1
2020-04-19,excess inventory,oreos,56784,1LtBcwutdYHChJhyrvGKDR5xEHPEJ5sCf4,1
2020-06-07,local,tomatoes,56785,1B3RzUUJ5zeB42mQekATPE6k1qRx1FXTU2,1
2020-08-24,organic,broccoli,56786,163MAmLN4uY4X3fjaYizKztyqxrQjLCmnu,1
2020-05-18,excess inventory,summer squash,56784,1CQj1ioh2MaB5RbQiiLuWCHTd4cnnXFAzC,1
2020-05-10,local,sweet potatoes,56786,1A7R2VjMWFbihcMk196quHWkMrhXqsWVbW,1
2020-06-16,organic,broccoli,56786,1F1w6dKbxR6t1386N95LgmuT4ZPJnbecTL,1
2020-02-22,organic,broccoli,56786,17h6BHrFyrn7qRrvGomxqxFavE8Tn912yZ,1
2020-03-08,excess inventory,oreos,56784,1AQLhbD965KwdfnJrDVecKuY68Lnd9SQ64,1
2020-10-22,local,sweet potatoes,56786,1EsihoXD6vDTgjtFHhZzc3svs4gwBrmftr,1
2020-01-04,organic,broccoli,56786,1LGkGmFjYK6ULwieyeYnZnUQvoYEY85bv5,1
2020-07-17,local,eggs,56784,1H9ocQJZn8NZYKnRTS7MC5oEQJBaYccHGK,1
2020-07-17,local,tomatoes,56784,16qseEKWgehUkpoXKhhiVW6u7t17esD9sG,1
2020-04-26,organic,broccoli,56786,1NRwnSijDz2jrzgRoexBUjsSMvxqEgrW7f,1
2020-07-29,local,eggs,56784,1QHZRsWf9miwzAxu6GmctFXdoAHVZ1R2ov,1
2020-10-15,organic,broccoli,56786,17Qn92aDW3mzoph7oWQqb1dxBudBnYqze,1
2020-08-11,local,sweet potatoes,56786,1A46cyCkmraBpdQnNQZ55sL1iG8gHA4Dv5,1
2020-02-24,local,sweet potatoes,56786,1EaVoo7q9uGk4r9o9jqhW11hiqmG7EsEaf,1
2020-02-05,local,eggs,56785,1PhPHc1RvqoHQZC5gFQkaXeDuEz7DhUCRY,1
2020-09-17,excess inventory,summer squash,56785,18LyU3nBk7d2ugB1THwX45K2gUgzfKjeoS,1
2020-07-19,local,eggs,56784,19ArTA3VAyTsRhdVMR9S5AjvnkCv7bfG3V,1
2020-03-25,organic,broccoli,56784,1MmGGG3YLHCKkSzYk9caZaznSgaC7DAyMa,1
2020-05-21,local,cheese,56785,1qUZ28URa5jBwiqo3rer7v66QkdcLpJVa,1
2020-08-28,local,cheese,56784,1Q96tExmrUjXoPHTFbcALofxEBWJ9zE86R,1
2020-02-02,local,cheese,56784,157YMmvTyeZXQw4BEHLjM6cepZ9bNtvtmd,1
2020-02-29,local,eggs,56786,1CUeTZzQs3yCfcRS5jcKdXqXxgkfNdc983,1
2020-02-16,local,cheese,56784,1NAmnCkf5YSLVK3fd8xMmgZHjHkksWoCT8,1
2020-01-12,local,eggs,56786,1FREu8ej886NzNk8c3eZ4rSNDdYa9AiZnr,1
2020-02-02,local,cheese,56786,1DjCRBRsuufDdiEeMKhEWPKWZxmLVqv4Z,1
2020-08-30,local,cheese,56785,144j1uVZtvjskxuYNNYb1gB9d1gbJj8e9Y,1
2020-06-04,organic,broccoli,56786,1JrpLtAyzng3vRQNwwWJj8MMNBvQHcpUtc,1
2020-07-27,holiday promotion,apple pie,56784,18NsFWBKEDrTJphHnh8VFXQcAjZ4sC7HL,1
2020-07-03,local,tomatoes,56785,1GFYCqugr7wE9nosic1xfhvW83mbzybk5q,1
2020-04-01,local,eggs,56782,1Gy4kVhZAJnvamRNMuArL1uz3fAHLrPKMU,1
2020-07-04,organic,tomatoes,56786,16djYBN81TQt12jjx25cFbPeVngYRsJ9Cd,1
2020-01-24,organic,broccoli,56785,1NezoXJkSYh242ygfHYkPn7UYxGy7ufcWn,1
2020-01-22,local,cheese,56786,1Ahnngj8z8UfMeAfwvzaKktZe4NfTWwus7,1
2020-06-29,local,sweet potatoes,56786,148jVas28dG3RMigZyMPK7AkD51Av3z17e,1
2020-05-22,local,sweet potatoes,56784,186YGJia5LbdAGd3L3K9iF39JNrc1Ko2dV,1
2020-09-04,organic,broccoli,56786,1BVn3Vh1JfTMLTFN4rMaJKAK33L9L27c6A,1
2020-09-12,organic,brussels sprouts,56786,1CKHZLnGQdfVPX1FGua1tzPCgrEzNSBoMU,1
2020-05-26,local,eggs,56786,1MEFdBmXg4t6RpMdveTBY9GqQyqdVzPj75,1
2020-10-10,local,cheese,56784,18SrBFG3L28kthvWA8yV1XHhhcABNdZy9y,1
2020-06-24,local,eggs,56782,1LayD5tuX4VsTyTeJtNoax7FiofstAb4Ly,1
2020-04-30,local,cheese,56782,1F9EUsBftSeXQW77kuUdpGhVwhyUYhpFqy,1
2020-03-13,organic,brussels sprouts,56784,1KJ7DVX7Rncdh1SGJJBuGWDL842jcXf4Wu,1
2020-06-03,holiday promotion,cranberry sauce,56784,17kqqNN5XJn3qtrtxBYvJ4dN8WCZ6f5VpR,1
2020-03-30,organic,brussels sprouts,56785,1EQMtU2Hv8rXs476SqqwaqnCBW3QGqHzcH,1
2020-05-25,organic,tomatoes,56786,1BTVi6JAbMmuwBJEcfZHbYGG5MCroiyPFj,1
2020-08-06,local,eggs,56786,1DxTcWumnjZqYtZ7odDJkUfT8RXxKeHu5Z,1
2020-05-30,local,cheese,56785,1PFaxeQRFCu9XAT8zLfi4NgqWLarjo5HXP,1
2020-07-07,local,sweet potatoes,56785,1DX4bCJeEE8fYTutbKCGcgPYAxBLjAcbDJ,1
2020-06-26,local,eggs,56785,16wVkT1gsC9TM17coLCrgdd48nWN1yryft,1
2020-04-03,excess inventory,summer squash,56786,1CN4xQ6u43cS1fo8wWtwS8F8fAxBC3uUXy,1
2020-07-04,holiday promotion,apple pie,56785,1H3MC8zjRDZUsE95y6Mq5JTvTiPW68oLH3,1
2020-06-16,organic,brussels sprouts,56785,16CouaLGSM5CUZzFgy4J6q9QS3RbBZMzEU,1
2020-04-03,holiday promotion,turkey,56786,1FY2wfDRTSE5zp12SYUzTUMtQxrTmE1QSN,1
2020-01-15,organic,broccoli,56786,1EyXw8QJeyze2nbKP7HRiYVQwYXGpr3kSn,1
2020-10-04,local,eggs,56786,1LY5ciW6ETzGvgN4E6BbUeQikcecnvEkP1,1
2020-04-01,local,eggs,56786,1JkG2arfkLBNRfBSYs37ME2FmrYgcBs32,1
2020-01-25,organic,broccoli,56785,1DVzTKgy6QAPDBr1rRsiBXpGyM2h8fVvZF,1
2020-06-10,organic,tomatoes,56786,1ExWrtD263Lq8VsB4eGVts7ZFGCuZXeeNx,1
2020-06-27,organic,tomatoes,56784,1MDAgfjcHHfvSraScCXyq6HcyL8ccV6T7w,1
2020-04-27,organic,broccoli,56784,1A8Hfq5Uvp7yheabXRzXugHBYWVAHRB5Gs,1
2020-02-24,local,sweet potatoes,56786,12Q579xyrQoAYBrBj4PRNoK8nP7i9Z3Mmr,1
2020-05-15,local,eggs,56786,1A7kutTTef49AFKGPXyo3iKNf7ErNUovER,1
2020-07-21,local,sweet potatoes,56782,12ARJwwPv5Erve4fmLNMJpj2aueb6GS7tT,1
2020-01-13,local,sweet potatoes,56784,1K8A4f3qeFEgnkdysv5m8naYxRc6TuhrSU,1
2020-05-16,local,sweet potatoes,56786,1A3QvPGJ7U3KFDcuPA1rUseAbyS2yf4Bae,1
2020-09-03,local,cheese,56782,19WctJkdVG3XoZDaM1YP645dtYckgxc6bc,1
2020-06-10,local,eggs,56784,1RHfuYwUZKHE5MHrb1iSWATMrsqaFrmA4,1
2020-04-01,local,eggs,56786,1CFaThsbyK6N5yTs4LKfJM12WS9XNMPoL2,1
2020-05-22,local,eggs,56784,14pfpRNLkBQTfpemhYKfz46KT5jagjWbkA,1
2020-05-26,local,eggs,56785,12s4vEUwgaVyWZd1KqzdaHpZZgF56cUgqf,1
2020-05-29,local,eggs,56786,1G7sZmpYUcYZtsruozzfyzacJ9qyuu7YB4,1
2020-10-18,local,cheese,56786,14K65xEgbSU4gSxrpJN7SCgoTSNtR9q7ns,1
2020-07-25,organic,broccoli,56784,1PxKGNL9dzkCrYnmJdK94HYFXM7RNdt9BM,1
2020-07-02,local,eggs,56785,14iUiHrzETYiur7HV9xjSPTGjaE4vtgYKk,1
2020-10-07,local,eggs,56784,1BdtbCxbMxRZegz6birSKGV8W2eoYXaC1Q,1
2020-09-22,local,eggs,56784,1GLMjL7TD7MzqtxKwLm5ATqqCPckLQNLDU,1
2020-08-05,excess inventory,summer squash,56785,13J29ZfcWwbPN8cJnzSDL95YvjBQVJsQfm,1
2020-05-07,local,sweet potatoes,56786,1HKZWP1zehHtZsvjJBDoZe46fnUmU9pdcd,1
2020-08-01,organic,tomatoes,56785,14Ybtcwp25kVHNusoMyJSdCdLt9xQWY1UE,1
2020-04-23,organic,tomatoes,56784,1Jqnr87HGGjDrLn9Wo4hgGX4Yc2E99DLtP,1
2020-06-28,organic,broccoli,56785,12A78kwCPb58fpvRr97JqZ9GxGyugFicSb,1
2020-01-10,local,eggs,56786,1GF3MCyL2bFumjzx4AYUELpm4vsZJcgxSH,1
2020-01-08,local,eggs,56786,17VBJAr5kVJYo2F8urqVJrULqqpL63fwWh,1
2020-06-29,organic,tomatoes,56786,19JwxZ4UtZ4KLqP5HP1XZtJYYhj1Zjj92L,1
2020-02-03,local,tomatoes,56786,1HNfvrjHsjseaapy87FyJRb1HpdVo57Vba,1
2020-03-29,local,eggs,56786,1Er1kZ1bSZAsZkdWzJGC9pbPCkhBW9EFSN,1
2020-08-18,excess inventory,oreos,56786,1KzjkKdDTr9MnJxex9b2qJVQ8GFr6B9o9M,1
2020-10-03,excess inventory,summer squash,56782,17qJBNFW1JYYDXN73F1q1iTjnn8FmXJ2tZ,1
2020-02-03,local,eggs,56785,1DbmN1DLireB7iLKC89LyP6SEQaqPQAtJr,1
2020-02-06,local,eggs,56786,1Mh86iHLUK2eFJCpKdPcjiMWbd8Fg44CsN,1
2020-03-13,local,eggs,56785,1EfqRi2kGkBWpX4gAVBjwymyWsLPTwJRPb,1
2020-04-08,organic,brussels sprouts,56782,1nFhE1EqAGBBRLnYhksozJQsYAAU7DwZa,1
2020-07-11,local,cheese,56786,14JmmLB5KkqV3j4jCsFV5T6rXFRcJvTfd6,1
2020-07-05,organic,broccoli,56784,12KuEDKjXdyGXDY7tY1qYFzBMGLre2GJnn,1
2020-09-10,local,cheese,56786,1HpMME6u7WVi61VrgkpnxNHUf4FAcP6fKh,1
2020-01-04,local,cheese,56786,13pJFfgoGMvB594wC11XhG47n2if9F9M9V,1
2020-07-03,holiday promotion,apple pie,56782,1GwxEKpU1EPzmea3ftGL4b955rYAnijoxy,1
2020-09-04,local,cheese,56784,1G78WSWTeK1sjVzL5fKj9kKHQ7qATM2S47,1
2020-08-17,holiday promotion,turkey,56784,15WzzGjvXLSmv4oWj3mW5bjTbo975be2QC,1
2020-04-13,local,eggs,56786,19iyvWDdAZXdJQTfHZ1sVDXvLK2tSf4cPf,1
2020-07-19,local,tomatoes,56785,1MmQ5s4rsJjGuVNeZBLx9EgZxUgftv8P4a,1
2020-08-17,organic,tomatoes,56785,1LgUk9RqeWzayQmwceRFPHw3G6CN8EvRXR,1
2020-05-27,organic,tomatoes,56784,1em3DJDRtoR5TtmYmKJLnqXrgegKEk5mU,1
2020-03-31,local,eggs,56786,151u2fmchEUNfqMWzHyF8oiWmbMGnRJ2Do,1
2020-10-15,holiday promotion,apple pie,56786,1AEH3jLCF1VLFRQ95JJA9XnELLRp7avLWM,1
2020-01-26,organic,brussels sprouts,56785,1C72qR5m2Q1G61eP6v45nGNWmWC9o6NB7P,1
2020-06-02,organic,broccoli,56784,18gU5GrTvBXjHfV7gLgw3KGVtvbSxzNUvM,1
2020-04-22,organic,broccoli,56785,13qanrreMkhqfCq67KdZit9Mr5SnXS22mm,1
2020-10-22,organic,tomatoes,56784,1H1dtWpuQxgy3BoKDaY9pZzKGJGhMgrjAg,1
2020-09-28,local,sweet potatoes,56784,1AKxdhrv6bf5j13mxZKFpNeBoUUg5s4QZm,1
2020-07-08,local,eggs,56786,1DbV6U52WViUW33xLzip2ss6bnACkh8Jrq,1
2020-07-12,excess inventory,oreos,56784,1CApwaXnyN6CR6xpzWZdfj4WnPZw76sUCS,1
2020-04-02,local,eggs,56784,1Pjwwd9kRLVEd1pqGCpkhJtwJij4PLWDCk,1
2020-01-02,local,eggs,56784,15kCggc88zuJ2dkeS848SMo1ZMsGF6oVfQ,1
2020-09-13,organic,broccoli,56786,131m2RBjE4WVBastURagyuozSmZQ2kU5n5,1
2020-08-30,local,eggs,56782,14pYbaQ4CgZdGGVqdYBnX97YZTz59vtB8N,1
2020-01-31,local,sweet potatoes,56782,1AHcy9N95GKCGLZk29rCKnEJaNJn2wG8i,1
2020-04-13,local,eggs,56786,18oBbkdfpMxP29URX5m3D7TLa9wkRGzaB8,1
2020-08-02,local,eggs,56786,12LdTwSCrugXtfcnGoorAcE38qjZaHo4pD,1
2020-06-18,organic,tomatoes,56784,1LEennwcUu5TMUevi81VCBgX2YYhL7feEf,1
2020-06-02,excess inventory,summer squash,56785,1GwDhUrym2hJtKBtzFJE3RJUATscQCCBYx,1
2020-08-05,local,sweet potatoes,56782,17obeDY3o9GDepa7NBKnhxTn6Ga95xFePY,1
2020-04-23,local,eggs,56786,18c9EgU4PD8Eyh3DMLjAFgPa85obeC7ziw,1
2020-07-13,local,sweet potatoes,56786,1MRGCM8zaXJSh6DrADZBHYDt1Sojuhm1fC,1
2020-07-03,local,eggs,56786,15J8nH9xo6XnQ395fD4c57wVTr4TUHoZob,1
2020-04-09,local,tomatoes,56784,1PQFHJ7tcy9xrky2foxjLrDAETXSeXsDfq,1
2020-10-16,holiday promotion,turkey,56786,16vCf8KKryb5PoG9giK5NiaANC6mCiMW4a,1
2020-04-30,organic,brussels sprouts,56784,1GAxLMF4zH8jkDQ8ZYS66Lu34FFb3dJdoW,1
2020-01-04,organic,tomatoes,56784,1HDFMHHVrCv4RLQpfBwoHEVwS1hWLA11g3,1
2020-01-24,organic,broccoli,56785,1FNSYFm46iKPcZTks8XrjTp4GdubtpqjKe,1
2020-02-27,local,sweet potatoes,56784,1NEj5qyVwqkMEY8ccX1PeQSpzFuJTUdWaS,1
2020-09-20,excess inventory,summer squash,56786,1EtcXYbG51DEJqgGnZvr6AzzMFhe1rDnxK,1
2020-09-11,local,eggs,56786,1Lq2pWz5yvGwEc31DFinkvtamq3Zgg4MxT,1
2020-05-29,organic,tomatoes,56786,1PhTgRFjej6hepoVXKBAaNci5hcWKipqwB,1
2020-03-25,local,sweet potatoes,56785,1Ptpqaj5h7Q7Nd79CdJX4RS4rGBTc1FfEN,1
2020-07-16,organic,broccoli,56785,14erVLiqdubY6d3AC74s3i3gtzJcRwXvF5,1
2020-05-07,holiday promotion,turkey,56782,1LW5yhTKGWVnJL3vdFMkPettS3LJHYP1UN,1
2020-05-27,holiday promotion,turkey,56786,1M2Bd87SYZrn9FV9k7ngu4wLcPShatdTUN,1
2020-04-22,excess inventory,summer squash,56785,13zt86M9QYYdmx5Q8GxXVAuUezEn4tfPKB,1
2020-08-12,organic,broccoli,56785,1EBt4ZVRZfnFVraHgJMuSuoRirbsRjwGD5,1
2020-09-14,local,cheese,56784,14xLogwv11ix6wLqmdcMeE7aBy3TRFAFAU,1
2020-04-14,holiday promotion,turkey,56784,1xhXnkC8mJPGLW5JewxCnD6rWmgobnqNT,1
2020-04-11,organic,brussels sprouts,56784,1F6NLbUnnVPJbN1B7A7REeNdEhg1CneSGM,1
2020-07-28,organic,tomatoes,56786,13uyGm4VxzY6DWpmaVcCKTckbSLJ5k4u7Z,1
2020-02-07,local,eggs,56784,1DBWm3cuWqVLdYyRC8jpc9dTYgTaqgRZns,1
2020-06-24,organic,tomatoes,56786,17nRUZNbcmthp58fgJHVWy4vCQgyLE6j51,1
2020-07-19,local,eggs,56786,1LJX2xgptuBn9HcRX6rWVH53rZy6bHWiyw,1
2020-05-12,local,eggs,56784,1DAX15GKZNdyduZhWSuYjB7spSjY1K2RjN,1
2020-10-11,local,eggs,56784,1A6vgMFFJqTzQFFrUTskUZpQjVduDsvaGb,1
2020-08-08,organic,tomatoes,56785,1P5hR1CG6iztiLzeWrBiZNb9dZirfyX63N,1
2020-07-12,organic,broccoli,56785,17evBvW5XFgahUvhspDVCarSAwH3kDMdXg,1
2020-09-24,holiday promotion,turkey,56786,14LVNpn6JUQfkQKGEXRBgjmRgtd2XrYi8e,1
2020-05-22,excess inventory,oreos,56785,12T23aKbUd5MCSbpuZKKuvciSLV26tznzm,1
2020-01-29,excess inventory,oreos,56782,1LsaXXKDXbV9AnXV172CCTYhRAtm1yxA6Q,1
2020-05-07,local,eggs,56784,1VSqSm3fp9JmCGKYPRMMDCqKT2QpgVkKp,1
2020-09-02,holiday promotion,apple pie,56784,12eoTkQ8oong6xGCdAQU8ue788VgHHUE6S,1
2020-09-17,organic,brussels sprouts,56786,17KztnUmMGu71PRDWNVvs8eViVyonEkis3,1
2020-03-24,local,tomatoes,56785,1K5DQru5dt7FCbY5XEFurXMUzXJsULzXMi,1
2020-07-27,organic,broccoli,56784,123dRtVYc5xjdECqN4F2BG4TcteoAQiJ7y,1
2020-02-08,excess inventory,oreos,56786,1NFnBrz91xfCVng5mgMwEP44tLywm7TBVy,1
2020-09-01,organic,brussels sprouts,56786,1EY8F4YWkViUHNw94Yibqe8cERa7t2nd1J,1
2020-06-17,excess inventory,oreos,56786,1BSdv62uKWKuTdQgigrk52TfaPEa5ayXrb,1
2020-10-15,local,cheese,56784,13ihotYBmFER3QRuSX34tPgPPvZNYRzuAC,1
2020-07-25,local,eggs,56785,17jbpQMAYSQumqhmBCM1TagU8XGCqHRHnt,1
2020-03-31,organic,broccoli,56786,13fuTjf1wjtrPHRF1iFQzqgkzG3ZPchAAr,1
2020-03-08,local,sweet potatoes,56785,16op12YqXCmMLjsfk97o5pVQhR3ijJ3QZc,1
2020-03-28,organic,brussels sprouts,56784,14gB78Fv1jrF7DGvkMxi6iwQMGFMbx2jzU,1
2020-05-14,organic,broccoli,56786,1GF82NVriygLxPb11AuqscsBUuXewBetuC,1
2020-08-28,organic,tomatoes,56785,19w9tiRhjUogKHJsESs6rorweQ6izccE3X,1
2020-08-20,organic,tomatoes,56785,12dSBjQCn1pR7t9aLyFHTW2VmA2FPENm6N,1
2020-08-03,local,tomatoes,56786,1D37SvRtGrdAoZxZ3vkzjyBjRBVjqhCPHX,1
2020-08-12,local,eggs,56782,1H5SKD7TKahXoY1PVKcXzHy5DJEJNYCJ3J,1
2020-04-27,organic,brussels sprouts,56786,15zjpXNXWCyJa2w4MsaNDe8sLGToSP9Pak,1
2020-06-01,local,sweet potatoes,56784,1FrcHHMdyWQy7QwjwbhaUZkwUHYXo9pVHZ,1
2020-02-09,local,eggs,56784,1PtdmaF8fwYpsara7w5yC5jZUDMSjesgQw,1
2020-04-01,local,eggs,56786,133HJw9arW19hCxxSGsF4vM1NACwYW2dyz,1
2020-06-18,local,cheese,56784,15qWeqq7KiXe2Tz4shQne982QHnFhHYF8y,1
2020-01-23,organic,broccoli,56786,18HZv4C9de2YiZxzyzXuS1UM7mSJfT8abc,1
2020-03-30,local,sweet potatoes,56786,1611zQXgNQT3dCuZW6zFjmfSeSohquiKba,1
2020-03-19,organic,tomatoes,56786,1GuJqQLgUh3XEaBJd7HVwfe5oZxxUsjkFR,1
2020-07-13,local,sweet potatoes,56786,187H3GschuBiohgMeYyoRzukveFXUrVGf3,1
2020-06-13,excess inventory,summer squash,56784,14mTq69rP3xJZpE9Fv6HsR4Q8A2qvbaY4d,1
2020-07-08,excess inventory,oreos,56784,1NUnxxUKtHxurgqYCXkTCZaEZJQU6CXiPi,1
2020-08-01,local,eggs,56784,16LjBzHQhFtyBspSoQEvhqQXzgiFHA8ynw,1
2020-02-11,local,cheese,56786,1GsMuR8HeDrgPqDEzm8JeBMTRdgXZUcjid,1
2020-01-10,local,cheese,56786,1MxdUVXbiR8jF5k63cH5tnmZLwh1LFZ2iU,1
2020-05-09,holiday promotion,turkey,56784,1CtzLJXQnLNMCYdJCWy91ifNQDLETmaXEd,1
2020-02-12,local,cheese,56784,1BoTb6SxbLVc1JVuRioYYHanwE5wdfYwBb,1
2020-10-09,holiday promotion,turkey,56786,15DuBxFThfNgimzn3tmWVS7hJkeknq4T1U,1
2020-10-20,organic,tomatoes,56784,1GXnhJWvtqqzjmsSBWdkVnnpuVouk2xEi1,1
2020-03-18,local,eggs,56782,175GxEBPJ1APDdM4ghPw9GxohqqdMajsPp,1
2020-08-30,local,cheese,56782,19ibEqt8r1L8koEACTPDwPwYwgXVXw1bHx,1
2020-08-26,local,cheese,56784,1LdpEyiEEuUJbiS1ceJ6623BCjZ4f5JzPY,1
2020-08-08,organic,broccoli,56786,1MMac5PB2J4U1Tx3JGgnjXdLgSzABFib9b,1
2020-08-12,organic,brussels sprouts,56786,124iGy3CGpSEfALpzQgvvJz4GsEJhthNBL,1
2020-10-14,local,cheese,56784,1NcxN21SAAM6NfKRjD2PxiQjXU2o7CfMPd,1
2020-07-21,excess inventory,summer squash,56786,12kzLep59MDAJEQjx3ys3qmknXQ8VfLWcT,1
2020-04-14,local,eggs,56785,1628p6xXpfoVtz7eXGQ9rnL1Yrg11GH5qF,1
2020-07-15,organic,brussels sprouts,56786,1F1pU1EvSP4w6p8TLuTUoagMmnVXjrXo1n,1
2020-03-04,excess inventory,oreos,56784,1KChroV9oAzwNAkRtQfCzWfUgbpNTKsK2Y,1
2020-06-12,organic,broccoli,56786,12AvuP5rsjuRAiKdoZJW1AmGkK9tjMzVjg,1
2020-08-10,local,eggs,56786,1PLfcSrmREeL1kPEt4KJzttSw4mQjMfJMg,1
2020-04-18,excess inventory,cranberry sauce,56784,1KJmWUkz2hgBMqeEpDhz5EpUn2NKNfiwtu,1
2020-06-10,organic,broccoli,56786,1LLgu26WecJWcWmyJCjK1JhX21J1xeymFt,1
2020-10-02,local,sweet potatoes,56785,1GmujJJjm3TJ8PD6pQn2ek4fN4zMPg73jz,1
2020-10-24,organic,broccoli,56786,1CXAZzkbhDEW27RJT7HAhYzY4AB4Pkka6F,1
2020-02-02,organic,tomatoes,56786,13egXx5c6SWaCwwBqDZAuz6L6PNUUFxnUM,1
2020-04-21,holiday promotion,apple pie,56784,1q9wKNy5utdr4THtUChyCfTuFinc9K7Tb,1
2020-09-08,local,eggs,56785,1N2dgLkXCvCdWwfmhqrDjNMqicwsYBzrgZ,1
2020-07-17,excess inventory,oreos,56784,13YU1aLRByprA61fweBpVgjkFNWwXAz69R,1
2020-03-23,organic,brussels sprouts,56785,1MigaZXvugjyYSSgjwkPL3wUJD2WfRWGp1,1
2020-02-17,local,eggs,56786,1C96AMCsCq8AacNgxk2NVD2kCFaBAgxfsh,1
2020-10-15,excess inventory,summer squash,56784,1P6seX2pwZ5NFY5CMyLPJnWq4vxzKv7wbp,1
2020-06-12,local,eggs,56785,1CBv3nGdfVwqpcftwAw3VptGtw8zerrXJr,1
2020-10-01,organic,tomatoes,56786,16JxvF72P9SqoyizHZKaYWaf3YnuUbMBeD,1
2020-07-19,holiday promotion,cranberry sauce,56782,17iqAZvhDwYNisiFfFj2q6VSvAA5wTg9nM,1
2020-02-29,organic,broccoli,56784,1NYU2BvX2av84cBHUoFMjqgSY5jpGWVURq,1
2020-08-09,local,cheese,56786,1ASeNvcD47VQQMMyX3Z1jnZHnzEPBdm6dt,1
2020-07-15,excess inventory,oreos,56782,16fNqekxyAwqxmVHXJUQrstPNkKYJ2wF62,1
2020-09-16,holiday promotion,turkey,56786,1DS21hMCYzi1G9g7fp5NQB7F16LDqWvNA3,1
2020-10-16,organic,broccoli,56784,1Kj8HPaS2PqMUxi81tyKUz58fPtWD44a2k,1
2020-10-17,organic,broccoli,56786,1MKbU7K1uXGcZ2aDPRzQdYY2X7v5RspjTQ,1
2020-05-31,organic,broccoli,56784,18fL8mQD36f5ijip7eQPQCyvzYFeq4mFYA,1
2020-04-08,organic,tomatoes,56786,1F3WueuWC6hqbRdCiszChcYB1HkdsXr8Yv,1
2020-08-14,organic,tomatoes,56784,182kUBSQtPMLBqUVX88bqefCQTzSh5uqJQ,1
2020-10-13,organic,tomatoes,56785,18ZMbTC9Yeng2PisD15KeEGYAjqM6dhoDd,1
2020-05-01,local,tomatoes,56786,1LcsacUq6iB8g4UNA8Tgb8ehvCJU7ng5yp,1
2020-09-06,organic,brussels sprouts,56786,16iFgPeDULeTcVNfuubRqpt4wseYgacPbe,1
2020-03-02,organic,brussels sprouts,56784,1Kp8sowVfZbcQ7P69Lz5hcDtqca6vBkRy8,1
2020-05-19,holiday promotion,apple pie,56786,192fiQQoYMyzBKme7ngvNXFvSJMnmLTtvz,1
2020-05-14,organic,brussels sprouts,56784,1CDxhCMDbvsKLhEWZF84dKeoLTaUWfK7V3,1
2020-08-28,local,eggs,56784,12xwEWyb4FEvKG4A7h2powBSihnQoB4Lij,1
2020-05-01,local,eggs,56786,1E2YB8twthyhiGEnFAh4ko8LtT8TskDj35,1
2020-08-09,local,eggs,56784,1KNy9R6k2q2H5ak6pn9ucJEzTbZZhBhgac,1
2020-07-02,local,eggs,56786,16CgJ5XDVW9wS98ZcaWyoymYX6yrBKKa6x,1
2020-05-27,organic,tomatoes,56784,17tfNeub5UCoE3Re1xhu3Vqm2L1mQnbE5t,1
2020-08-15,local,eggs,56786,172dDfSuU3qrT6R6JdwgLrY2i4SwfjzwaC,1
2020-02-15,excess inventory,oreos,56786,159vWrKKaAaavTE259dxHgZ85tWnSvK2qj,1
2020-01-02,holiday promotion,turkey,56782,1AF94cbnM1VNPgV3c6xRZf1vuK2DvyVyv9,1
2020-04-17,local,eggs,56785,138tgRDrwwmgvaZiEy6gtxSDVgdhaxVo5H,1
2020-02-10,local,eggs,56786,1Fe5ztSyGVwftbP8x4d5U4uugEc3LmXqK8,1
2020-03-17,organic,broccoli,56786,1J7AGbxTNnyzgqKq5MzLRp4iuvC4cLKnLY,1
2020-06-22,organic,broccoli,56784,1Aq9rX8RhobvnrNovDfkxhzG5mbytuL3ib,1
2020-10-03,organic,brussels sprouts,56784,1LHW7yeftkCstTJAbFZpRshw8yTHddcc9v,1
2020-01-21,local,eggs,56784,17q6u1cerYq6C9BABUWXAAT7zoAJV3nV5z,1
2020-04-02,local,eggs,56784,14hJzoo7Lacni1kJFYGhyY45suPjyDXytx,1
2020-10-15,local,eggs,56786,1BdsyaxrEwnQhr6G2xbAzpLhRS6Qow8BNG,1
2020-08-09,organic,tomatoes,56784,1D6han9yLefgXNSELnurFKVni6HepNpsN8,1
2020-09-28,local,eggs,56785,1NnAgTiq3LvJ9mVcBTFcTNRNmJJff3qGq3,1
2020-05-18,organic,tomatoes,56786,17ws4Abv1hfsrHoMoXvu8342zMRkxheo4P,1
2020-04-11,local,eggs,56784,1Ea53ZDDbentmfeim8pDYQNciCFdu5dsu9,1
2020-01-22,local,cheese,56786,15dU6TCgmLj3FdByrpWcDKCTMcsCFob8JY,1
2020-02-15,excess inventory,summer squash,56786,1JuzJ2nZN7b5TsXyTfSfZB1EqEPuMgpidv,1
2020-04-15,organic,broccoli,56785,1EjTrbk7qdFLffzFfg6HCBMegr3SecGxDV,1
2020-03-20,local,eggs,56786,1HqRB3BJ2SzP4s4iTJQBuKUHTRC5kL3bUD,1
2020-05-31,excess inventory,summer squash,56786,1LxbHvxcWZNKU6MCnFzucdjTfUee1UDWKA,1
2020-05-02,organic,broccoli,56784,1LmzfaQuVKeb1hqfJegUfuLsq3P3Zv2CNr,1
2020-02-06,local,cheese,56786,1FGYmWh9qD27oyHzyPWBGa9USyeTYfk1vR,1
2020-08-18,organic,tomatoes,56786,14aUUgDeNFir5NbCBtY4NLXMGyYYD5Ecve,1
2020-05-03,organic,tomatoes,56782,1Lem2pCEKg9sGTs6McsnfykpkMFmQFNKs8,1
2020-01-18,local,eggs,56786,1KQuRrtutdTfHK65FxUmT6rXcvvuz7aHbW,1
2020-09-28,organic,broccoli,56786,1FocMHyFEtzzteVyvEhtba2HCuo2m3EM6u,1
2020-05-14,local,sweet potatoes,56786,12RKVei9615mQoZTZ6Hyogh9muEJgqU8NT,1
2020-08-16,organic,broccoli,56784,1E5sEZhJPGa3Y3WQVzm6LhZaWKr3zzMAAJ,1
2020-02-19,local,cheese,56786,12sbD1ngvpcRqCmH5jucp3Dtrim6b6CXv1,1
2020-02-20,local,sweet potatoes,56786,1BH3TRjzL1PtVrGmgGNTB2Dj9TAuRwx5Nm,1
2020-07-28,organic,broccoli,56786,1tj4z9JGWjF7LgciX9b9td3Ch8eXDYgnh,1
2020-07-15,organic,tomatoes,56784,1EhgKJMRUrW6pm4GvR3wS6Es76LnYriM3a,1
2020-01-16,holiday promotion,apple pie,56784,1JzDXW5cSEb4BgoCSEetbYrcdJHSgzL68r,1
2020-05-25,local,tomatoes,56784,1JexaK6XsZRMD8awQwaBoGttveGz8fhBmA,1
2020-03-28,organic,tomatoes,56784,1KTTMyyczuSp8Whj5FnSMWrorpRamiGqiM,1
2020-03-30,local,cheese,56782,1HAQuEDish2siT25VuCmgqisqUHvWrdXEu,1
2020-09-07,organic,tomatoes,56786,1EbxWUBqewUW3uEkrU7zfWTfbwN3vnUcvk,1
2020-07-22,local,cheese,56784,1Pm4mj48QBEEEhBPY3TQDomRr51R2nPTC4,1
2020-08-13,organic,brussels sprouts,56785,1V2Bvc3sRGTWhW8cesVwFAPTUjKnwR8dp,1
2020-02-09,organic,broccoli,56786,1FBrYZqggkYhLxSttqBNkzjjZ48fLnWRop,1
2020-08-07,local,eggs,56784,1A63VWPJYmz7aMbguQgroAffydzL6BYonB,1
2020-07-12,organic,brussels sprouts,56784,1sXN7cy2X6NeqycDZ179VGzsx2ybXwkxb,1
2020-05-03,local,eggs,56786,1KC2mr2NazTmDvZdUd4AA6szKDfxcvE2tN,1
2020-06-01,local,sweet potatoes,56786,13tn9XnxuKceBA7xtZgbLwKmdi6BPCz7Le,1
2020-07-07,organic,tomatoes,56786,1HREEirP9wCpogVmZTzESQwWCtmyHcNVk3,1
2020-02-01,organic,brussels sprouts,56786,1AatiRwGk6HSnYGQ9U8dxff78B1pnpjyTp,1
2020-07-25,organic,broccoli,56786,1CcWBciczFfz7F5gEkBe3kR76s4Br1XiRE,1
2020-03-01,local,cheese,56785,13zSLG2E9i1cE1qXfBBVekyPiShEVE11XM,1
2020-10-06,local,tomatoes,56785,19yzHmZ9ySQLabKDNobGw1Euc6CTvLMkwL,1
2020-03-12,local,eggs,56786,1JnkcVRoD8WiNyYjxd6efXKPgvQpM8VenX,1
2020-07-23,local,eggs,56786,1BQwsWV1Rs2fQUyMJ5ZTzPEvTXM86E43vK,1
2020-02-28,organic,tomatoes,56782,1JdoCVn47JwieXEF1EP2JvgC34af37WQSf,1
2020-05-19,local,eggs,56786,1JG84XiCYs1BCA5AmeQLyqC3vrYEZbmgwp,1
2020-06-04,excess inventory,summer squash,56784,1LvZxp2p19z7egLkBCxt58TyQD2N4azZLk,1
2020-05-04,local,eggs,56784,1HEzKoVJ5Fdr3rY3uKHhqMTrZdgpBxhqt2,1
2020-04-12,local,eggs,56786,1KghGiWidfiEdkocwfKoSPwMTkWkhLD9x2,1
2020-01-22,holiday promotion,apple pie,56786,1LJjit9aspqMT7j5678W9Xg7xiAVEgnZXE,1
2020-07-18,local,eggs,56784,13uZjHpRgqztji8M3xE2AgA75mRY5tAvzv,1
2020-07-13,excess inventory,oreos,56784,1CmyvcQ9gKXzBwLEiYwGfEC28bgtAtLVux,1
2020-04-04,local,tomatoes,56784,1D1WbXK7PU2cKGyySytG3FSKcMR5GAKRpT,1
2020-10-11,organic,tomatoes,56786,16XZMumN52iEbXUeifwjvgGAvBwds9eWdd,1
2020-09-06,holiday promotion,turkey,56786,16pVa6B5rhjXnTuU8BwV615aFjD2nGcR5B,1
2020-05-10,holiday promotion,apple pie,56786,12kAAtybWCE8xQBn8JeDi5M7uZLmsZtdbb,1
2020-04-20,local,eggs,56785,1NA1DpGQU4YrmaarmncC9mvphqYKysXEyd,1
2020-06-24,organic,broccoli,56786,18i1NwtZsR35VXj4ZA5NmcYGRp3qJ98gRL,1
2020-03-31,excess inventory,summer squash,56785,1BraaQ5bChnJzGrs61fPZw3QdttMoGTrdD,1
2020-08-04,local,eggs,56784,1CCezLpDqYvhwenfintfQkXeshzAqbNppt,1
2020-07-31,local,eggs,56786,13wVtRhCt5KRfQeXjdHRVJiMT3r1mEdrFS,1
2020-05-06,organic,broccoli,56786,173D4duM7cQ8nmRPJRLocjtAWwxdoEua2q,1
2020-03-22,local,eggs,56784,1HFMGS13Q8TkDcMUefFmB9ocfysRewoyUZ,1
2020-05-26,organic,brussels sprouts,56786,1DqXj7j3r9wKzqVwReEaqGyXBLgYLkNuML,1
2020-01-21,local,eggs,56784,1Nv7npq98TVJ9xwsxm44QYUxAnNHQEefyi,1
2020-10-03,local,cheese,56786,1LGPUmQ9mmtB2PLxtJ4Sv522RwGkhGoszC,1
2020-03-08,organic,brussels sprouts,56784,1DTsTCLcdhqPmgMFFa1q8h75eS5GL25vo4,1
2020-02-24,local,cheese,56785,19tjuURbrnaxFwLTddd7yGnEeEV7YeDsU3,1
2020-07-26,organic,broccoli,56784,1NnnYdQ7BrUMZxU4JZFgfYJJSMLoRAuYBZ,1
2020-05-07,local,cheese,56784,1JXKZZ1fLWg8Qq1HELZ98qbgHrkLNftWpK,1
2020-08-03,local,cheese,56786,1yQq84sAa7ZGLczPMjGxNNamgJJELfi92,1
2020-08-26,local,sweet potatoes,56782,1A3CnwWKofK55RkkiHmRqG5ZvJTgyZPB79,1
2020-04-20,organic,brussels sprouts,56784,1ABfvWEbZg8ZsdQNZgNaqwupqVDudfELjC,1
2020-04-02,organic,tomatoes,56782,1617rz6hDzM1swvwry6KKfNjW9hNW5bWxN,1
2020-06-15,local,eggs,56786,1Nwg9gvxJfap6AJQkofWUPxyjtP6Ushkc8,1
2020-04-20,organic,tomatoes,56786,1CXb6cn8zDhsAD1Ndd3n3cUFH4JkEPy4fh,1
2020-09-05,organic,broccoli,56784,15K7W7YGr32KszQP77nZoqCpEmJk18r7Ui,1
2020-03-27,local,eggs,56786,15CvpT16bcALfVu4z3cHZR7WPzVyEUXmWZ,1
2020-01-31,local,eggs,56786,14JjdVMMiandSzQWmAeXw8d1nkh3bFiq31,1
2020-05-03,organic,tomatoes,56784,1HcAL6SeyegHSK399LTZNKNR6WCrSkFd4Z,1
2020-10-22,organic,tomatoes,56784,1M1SW13vVPbSpgmNWSLToZQAqTY3KBjj27,1
2020-03-03,local,tomatoes,56786,1MQi2MFdpGHCX1RiGrUiuF6Tt3eW4ANhpV,1
2020-06-13,local,tomatoes,56786,1kpUcfEb6eSFxLqa4vSZDmRbaTu6NjAAX,1
2020-02-10,local,sweet potatoes,56785,1Fqqxam4y5G9xfQFCLwSMLyz6Xs6Ha2x4y,1
2020-07-12,local,cheese,56784,1AFbksSiNVXTnfRi5Ff5UFNbnoZPWm4vmU,1
2020-05-12,local,cheese,56786,129v6VQ3JFV3997zvxBN2N7XKmrCDPfR3k,1
2020-09-04,organic,tomatoes,56786,1Dk4FRdkbpbRttkyQSuh7TemUY99fiD1G2,1
2020-01-15,local,eggs,56786,1F5tvAwEX8UMaKkGEqGGbdFnbGzSHYBgvZ,1
2020-04-17,local,eggs,56786,1H7Sz87Y9uZrPjaDyvPBhsSG4SsbPCzfkA,1
2020-01-02,local,eggs,56786,1AMXxRs3ncJnhbofB2VT5UDPw2LtXkpXCc,1
2020-07-13,excess inventory,summer squash,56784,1cfQCNVYfvNuLkNSGD46VCgXe1LWPnuC2,1
2020-09-16,local,sweet potatoes,56785,1CZVYhMwraKgEDDRdDxEW7H41uR57N9DHS,1
2020-09-05,local,eggs,56784,1H1hvyFQfQHhXfmdPRA178dfNJ8HDz2Etn,1
2020-04-22,local,eggs,56784,1PB95PF9x2ipzirvG8DLTyzCs9u9Khf4oW,1
2020-02-02,local,cheese,56784,18PZ2jKUcFxWJfbZWFpB8oFKCWaTDmYVX8,1
2020-08-11,local,tomatoes,56785,16j9Q8xEUPmJEPDsJWyUUTEtjPU4CmSzQ7,1
2020-02-07,excess inventory,oreos,56786,1Q1LZTa4f4XDZTs1NpynkXzHu5HYghnW5Q,1
2020-09-05,local,eggs,56786,15hfkBLDJi6ZFQqMfQiKgU3MLEmXXtD42F,1
2020-05-19,local,cheese,56785,19CXTPwqQakaJPYugzAUc21EKDwJFZDpNp,1
2020-06-21,local,eggs,56784,1MrqEgftRW3xv5GCBNYNgQDryWkfWkBnRz,1
2020-04-24,local,eggs,56784,1AoA8CTuoZn52i6Qgd3PVgT8ifeQqTYtcH,1
2020-10-06,local,eggs,56786,1AekrH6jz41vjkfUqENt6h7w75TvCrhP1S,1
2020-10-13,local,eggs,56784,1PTFdpDQ5D2Lg5co5t4SDUpfNQQBCUH1Xa,1
2020-09-23,local,eggs,56786,1NkdW8D9HjnhTXN6LCsHo3Aq4Qtofd9bCQ,1
2020-07-26,local,eggs,56784,19AUn5ZXtBKdRxceheiYT6zL4vsnf8RCLu,1
2020-10-23,local,tomatoes,56782,1Zvt5zLnPPoQZhFYTa7Aru6EH1pAViSFd,1
2020-01-03,local,eggs,56786,13nbSDUePGLEzMsJmK2JE25VpBoiun6aTg,1
2020-09-09,organic,brussels sprouts,56784,1Pfy47nSZFLAmLeujwkXisFVJLNgHTXRis,1
2020-07-16,organic,broccoli,56784,1Ca1TSVKZ4CasZCsNN1eiDF1SaFLyQaZ3D,1
2020-04-01,organic,brussels sprouts,56785,17x57v2Viot7Qq87eP2sQBXbKb8gCHmkrz,1
2020-09-07,holiday promotion,turkey,56786,14bVGTkk2m4Ea8ENksA7xtgDvZNhewGyZs,1
2020-09-25,local,sweet potatoes,56785,1C67UQ4rdfQb68bVqsh2zcxeCNVvqwbcDC,1
2020-08-14,excess inventory,oreos,56785,1CSgo4GEnTLgW5tdpe5iugELCiYQPEQvCQ,1
2020-01-31,local,sweet potatoes,56784,1Bck9PWY6fGpjoaTYuAS75PiRBPLtvMwVX,1
2020-08-08,local,cheese,56784,1GafmUbwtxc2zY6uJLeS3WtugH9URns2ku,1
2020-06-24,organic,brussels sprouts,56786,14oGoN2oP1jSgdfCVBFoemfH438xFsUR4r,1
2020-03-12,organic,broccoli,56784,1GnobE5fc1YV7yw6K7jcZaxni83xCCGY9d,1
2020-02-09,local,cheese,56785,1GMVdoNWXf853r1PdieFskzicWRmGKNXgY,1
2020-05-28,excess inventory,summer squash,56786,142USKHjM3iW7g6JYn9bSUwEW6fNMgf6g7,1
2020-02-04,organic,tomatoes,56786,1MdephiLVzJBr2i1JL1XD5gvp74JWGbim7,1
2020-05-08,holiday promotion,apple pie,56786,1BoSpnJ8PBQ5k4p1XCwp6FapCdmcvJ9XNU,1
2020-05-20,organic,broccoli,56785,17TjKHPLBWC1YjiksLTcTig95qvprBJLWF,1
2020-02-24,local,eggs,56786,1sxEMAs4NG3G7TUgoMfF9icHRtVmKaGpY,1
2020-09-01,local,eggs,56785,1GrN9dZond8TPYJgudGfuknTJgqQ44aC29,1
2020-10-18,holiday promotion,turkey,56786,15sLu1qib2uV9iBMyrKfVPScsVAbKT8n9q,1
2020-03-15,local,cheese,56786,1DhSgdhv8G1XQvQFqQzd3Bfq83PEFeN1Ja,1
2020-06-27,excess inventory,summer squash,56785,17fpyn1NFzM6AqnAxmZZCUsnhmuwoopCtt,1
2020-03-20,excess inventory,summer squash,56784,14AuDi6o1mjMcsGusN4wCezJga9qZXpnpB,1
2020-04-25,local,eggs,56785,1MuyEDC7GJ8UTwP31WWZ6jKoqD2mP9Stdf,1
2020-03-28,local,cheese,56784,1H4TMEiGgTyKidHvWvSFdNfpA9vuuCFdMf,1
2020-08-05,excess inventory,oreos,56786,1BBYQ7V4Z16o5jCbkLXz5gfnNbRgHwMUur,1
2020-01-22,local,cheese,56786,17ta4H5tTxstokqpa65LTRGFAGHtyCNFfZ,1
2020-04-05,local,sweet potatoes,56786,17FShKBcvG7Q2nRS2MjzBEG5V4mQSKwVkB,1
2020-08-05,organic,tomatoes,56785,1JxPy4Lh6oZi3Ain8poHsXbUjr6hBVGpN,1
2020-09-18,excess inventory,summer squash,56784,1PMotJNiiD7uXpDnEqj73sUQoxaE4Y9Djn,1
2020-06-04,local,eggs,56786,16qeHqMBNY5o4HAq74tdozGRgyVpoQ4a2H,1
2020-05-08,local,cheese,56786,1H6gzFPcN4VKVznvXknt54VTAeTWVCaVFn,1
2020-04-16,local,tomatoes,56786,12NXzSghZFLQ4vCgPTzzi4MbZMMGm3hiSD,1
2020-10-08,local,cheese,56786,17N3TN1ssjuVKLqC3qwLghtYyqMyUXmyM5,1
2020-08-13,excess inventory,summer squash,56786,1C9Mqaz38yMhvfPavWRxmwyVChosRLauQ8,1
2020-02-10,organic,brussels sprouts,56784,1FXYrHn8UyaAyNja195qRUyjoA8dr7ihqg,1
2020-07-06,local,sweet potatoes,56785,1AH8QAq6Df5KDasesutGBzewL6ebgTQXA5,1
2020-05-31,organic,broccoli,56786,14CKShqfn7Lcq31LDSNo5mxQNYbyXS5MiN,1
2020-10-12,local,cheese,56785,1gL5n9tp9yqwbrHBmZSyL5dRpQSWfBpe9,1
2020-03-01,local,sweet potatoes,56785,12npw2fJ2QTDPrqUHLtGTnD7r8q2taYtn2,1
2020-08-23,local,eggs,56784,113gjKNHpJdr97iPckURN8Vpb5h3hvNE2j,1
2020-06-15,organic,broccoli,56786,17B67P93p1ZQ36gusemJqDyvXPydPihmSj,1
2020-01-02,local,sweet potatoes,56784,1QC4PooeUtaGjb3fdKj2BwU8UmABifECEr,1
2020-10-07,local,eggs,56784,1KX2Tmn3C68Hx6pwvHJxyqUdypmhKNbAMY,1
2020-01-05,local,sweet potatoes,56786,1MzH6CH1ULSFsyEdbtkkbuqnx2wYfMP7Mv,1
2020-08-18,local,cheese,56784,1K14jb3kHyyjEEJzND47Myr3Mzu27a65wj,1
2020-09-18,local,sweet potatoes,56784,193UMvUgQ6mRSCrZBn5rzCQcmkvNyU4sry,1
2020-10-11,organic,brussels sprouts,56786,1MCZWu3tqi9zpZhY8JxvZ1Hrw8CmLshyCo,1
2020-06-24,organic,tomatoes,56786,1PGw6QLakeuFxSHHmQVN2HsDJVvg2iqmuz,1
2020-06-10,excess inventory,cranberry sauce,56786,1GMZhjzXN1SrGbtmjmqw4gxkQxhjPZagFP,1
2020-10-25,organic,brussels sprouts,56785,1EhC3MKSqMHJJcdUuDCtCjKoYm8vnafQwb,1
2020-07-01,local,eggs,56786,1H1CgGa7Aq93x7peYKx9p6yUqfSmxxZxC9,1
2020-08-01,excess inventory,oreos,56784,1DUYCLZb2bJa8LK99BxZigTVqx3oUMnqf5,1
2020-02-10,organic,brussels sprouts,56786,1B1otLXM9cypcwpFFdVHKYW5BjCRvuPySU,1
2020-04-24,local,eggs,56786,1HtFQ9SHe3SGF4jfLRz2xvAVBXeZFiUEL2,1
2020-05-08,local,eggs,56784,13RkNMVfmViZhd52xyqKLqwwLKJ5FHDLJm,1
2020-09-09,local,eggs,56786,14nxqDe4fvr9K5enU3HNrLmUpraxDtQ5fW,1
2020-03-11,local,eggs,56786,1Mtpmfxs4bUfNckSFGrk6mQ39nidEbTMVb,1
2020-02-02,local,sweet potatoes,56784,17KAyj1DqKKj4Q6qqtCK1sKCR4v2WXja6e,1
2020-06-29,organic,tomatoes,56786,17fxcPT2g8jrVJx4Awbb25KTenHpE8gu84,1
2020-02-12,local,tomatoes,56784,1JokP4gpGU4MkeTZE9wpXuYDSMHq6QLqBh,1
2020-03-11,holiday promotion,turkey,56786,1JqPk6ayni9n7VRrZ6vp61VoLYQ5N5KkDJ,1
2020-06-13,local,eggs,56786,1CXYCq43CJkeTF9aBwV6QPzahJKmeq5xvk,1
2020-03-03,organic,tomatoes,56786,1HcbEGkXtsYkevEQFGxDzUS1WNB2XaFdNM,1
2020-06-08,excess inventory,oreos,56786,1J6PsztsEj6JYzGfJixaE8VgqsVyS6Nhnj,1
2020-10-11,organic,tomatoes,56785,19wCpzVNXHMtcMRJuzfRiMAzrYj7VfaPd4,1
2020-09-06,local,eggs,56785,1YMiJU1vpHH9N6968eVP1W3WQL5rDktV8,1
2020-04-12,local,sweet potatoes,56785,1H58CggdnWEAfCJm9syzb86mjdAZYKH2az,1
2020-01-24,local,cheese,56786,1F1226UVm81DdSfgDQ1VzuYG1D4siB1L9j,1
2020-03-15,local,cheese,56784,1CXFzjXh2N2TkPyHLqnKTauWUG7n4hUVf3,1
2020-02-26,excess inventory,oreos,56784,18DGRtm6Xh5V163E37nyKBpyVVUTsTAFBP,1
2020-01-01,excess inventory,oreos,56786,1L9YhwJ2VX6tg3SrbwwmczCzvni1xSmLTD,1
2020-03-17,local,eggs,56782,1JmPvKitsJDHFrXUuFbQgEMNSjSLVuXW3v,1
2020-10-06,holiday promotion,apple pie,56782,1EmmnxCo6eRqvcAfSj6D3SAHzz2jPcCqpx,1
2020-06-06,organic,tomatoes,56786,1BuiGsXdqe1KvPTFJu6iS7Yd1SteB5DrPe,1
2020-07-18,excess inventory,summer squash,56786,1PQLYSyf5YwiXsJJZMxV66wnLGSXkuFzPk,1
2020-01-05,organic,tomatoes,56785,13D9Ae6ySmFE4Cw9CckFPCu2uXdDdnRXkC,1
2020-10-09,organic,tomatoes,56784,12UxTGDauUWo2taNCBkkg13bjcJ6Tqszn2,1
2020-01-26,organic,broccoli,56785,13Sm1BZ65peyr7U5wxKz4Udfjwqevyg46j,1
2020-02-11,organic,brussels sprouts,56786,12xBcqd39jQQkbeGSaZxAYzoGunUkmj3eR,1
2020-04-07,organic,broccoli,56782,1DSLLx4JSLNUPJCXXLywmfKDhLT7gRsre4,1
2020-05-04,local,cheese,56785,1L7CCfMNn4Q5Yhf23dyBnJpTuWn8E94K9A,1
2020-10-17,local,eggs,56784,1AbCcKmbcrj8wTwjKrepKaaax5Yv5KnAkX,1
2020-05-09,local,eggs,56784,15PQvbAJyLeML3WSPxTjMvDvt3agVq98aD,1
2020-10-14,organic,broccoli,56786,17in1JZMuKyv5hY6V4dTUNARW6oyZGLZHs,1
2020-07-18,excess inventory,summer squash,56786,18u55LUNcbE5bDuXMCBi1Y8tYxScdqbeJx,1
2020-08-26,local,cheese,56784,1PuNtv8Dc4zwbhVHnJgA5JHtG81tKbptWM,1
2020-07-30,local,tomatoes,56786,1Crz7pXemEpktF5ub4uzgncKvNDUQYWx7t,1
2020-10-21,organic,broccoli,56786,182LdqveEjbyoTkAUhhumuDYEfP9bWie97,1
2020-03-02,local,eggs,56786,1QB1GMeayRv35griYBp3Rio9xyyzMH6ycF,1
2020-10-15,organic,broccoli,56784,1EJFKWTh8Y6iUZUCU9qUCp6nMeEGM3LUmc,1
2020-02-01,organic,tomatoes,56786,171NGdrcTKyJkR4Y84uPrQtnBpGbhzLp76,1
2020-06-20,local,tomatoes,56784,17o1tYJB21fHC8YAd8UKWmPW1wodBrQttu,1
2020-01-02,local,sweet potatoes,56786,178isCnzjLQMPiaEQ6ANZ9wPimNQVXZFTe,1
2020-07-06,local,tomatoes,56785,1HFsZiF9tMrXjBzLZ4g2L6zBVFG8XfbgGD,1
2020-07-14,holiday promotion,apple pie,56786,1MmPvHZcjyXejf1RXA48g9YBmXVWN5X633,1
2020-03-06,organic,tomatoes,56786,1Kpg1b1Q4CBfBeDPh8h1BTifiawLqDdz3W,1
2020-06-27,organic,broccoli,56785,1LPM4Hvw6WpqATcc1gB5nDnWBsR3Xp3xgp,1
2020-07-14,organic,broccoli,56785,14QgFrkR2etUHv44Gsm4YCSG158nhLp2Uu,1
2020-08-11,organic,tomatoes,56785,15cbbWzMJ7EL5g1ukhFNmm3Wkgs4N7pCn2,1
2020-02-01,organic,tomatoes,56786,1CUsyeVj5JBdKyw5TgmxHF6P1NFrqA69it,1
2020-09-23,organic,broccoli,56784,1NEnZaTrNTSW7WZJD7gy1BZpZkteA4n7KE,1
2020-08-22,organic,broccoli,56782,1ZS9nzzN1NbnmfjKzha6ES4BUsMbMoej7,1
2020-02-19,local,cheese,56786,1Mm5TnxqUVSDYBpo9Hu5JbxFZSXh7s3rip,1
2020-08-22,local,eggs,56786,1GvchrZt2yoZJv9RQ3N3RZrsVS8nehYcUC,1
2020-09-19,local,sweet potatoes,56784,1NTbJg19ztbr91xB7ghPjrPpD33znhPaZr,1
2020-02-19,local,eggs,56786,1P3ieMS8eqKv3UmqBjz8h7qBxmEZzh2ujW,1
2020-04-07,local,eggs,56782,1BUALK5n2R6xAhHyyfmBFPSS5pvJxJAu5m,1
2020-09-14,local,eggs,56785,12VG7pBhPj94QdASHJZnAPkTTCHFs3rDyX,1
2020-01-12,local,eggs,56785,1NEVvoYKs4ekpwUqVrRpKahMn24QYvBdUf,1
2020-04-25,local,eggs,56784,18THNyXEqCF3BrCzd26NJBfxKs346abken,1
2020-05-10,holiday promotion,apple pie,56786,1N3rqZ1zrMEzrGMKGyxZ6zVAmWfELL2PTG,1
2020-10-09,local,cheese,56784,14FB9Nsx2NH11fg8sRs5h1y3WXse5c6jA4,1
2020-05-11,local,eggs,56784,15BR4Aavzn8K6cXsbrSXJeKeJCD3jCaHmB,1
2020-07-04,local,cheese,56784,1MNikdSMiFodyw28vZW5uwnjqWc5j9MgZt,1
2020-04-19,local,cheese,56786,1P7Y9Yy4Wjtp28rKMt4yfEGzNwVShLAc7u,1
2020-06-18,organic,brussels sprouts,56786,1E6xorJ4KkXSYtB4YmFHSgiLxPZfSmm76f,1
2020-06-27,local,tomatoes,56785,1DZJSpgioRpt1jD6Cq1R6wYwKohPRadAWW,1
2020-04-27,local,cheese,56786,1KVSbiKF35jBpFpAqrufwXQJivqFXGaaKc,1
2020-04-28,local,eggs,56786,1GYiERDWzSe4JaVrJyPgKu2jnexZW16xxz,1
2020-01-20,organic,broccoli,56785,1PmkJBhag7qGRNHK4sGPr1Lgii12y6mys2,1
2020-01-09,organic,tomatoes,56782,17dDZ8DHmf7KHScxQXcRULkMZkonGMSgQv,1
2020-06-04,local,cheese,56782,1McwzPMoHJ5uFeSFJPNyj3B55NYHHJXXX8,1
2020-08-08,excess inventory,summer squash,56786,1BCzbZY7VrCJxyScuaa9BG8EoTRBAscyMF,1
2020-02-20,organic,tomatoes,56784,1NUjDfzQGM9w2n4kiu3qF2zPPUqGgsmABp,1
2020-08-11,local,eggs,56784,1MTGRk5LeRC5WnziAem2CXMSwoxALshLi2,1
2020-04-28,local,eggs,56786,13ibLPbqbbCxEau1a3ZPyHrmwRJ8wwRDwp,1
2020-08-01,excess inventory,oreos,56786,1PYMubGdgyM23m3BqPenFRRCaYuommse82,1
2020-08-05,organic,tomatoes,56786,197N3aG82m365cEX4DPcQszhtc7VS2XBpq,1
2020-01-01,local,eggs,56786,12fZ1tS5isNTAQuvuz4n5rXahgNzZ6kvhU,1
2020-05-08,organic,brussels sprouts,56782,17w9W3ej1fr7Tb8BEte9dXo59oeQeZYupc,1
2020-05-20,organic,tomatoes,56786,16oGsSmMu8fKDPPn6XEATXXK2MRPKgYT67,1
2020-09-19,excess inventory,summer squash,56786,1BBmpKKZWcc8CvANHoxVXjzv1Xfj69GN5E,1
2020-03-21,local,cheese,56786,1LJtVYFaBmEq23qv4bGoifoX515VyhvxUv,1
2020-04-05,local,tomatoes,56786,1GtRzAQquyRZDhZnfxHpEfa9aeJehH2MWt,1
2020-07-14,organic,broccoli,56786,13LJ3xxh9Wh887jzQYwnGoHaEpTjVsAnR5,1
2020-05-18,holiday promotion,cranberry sauce,56784,1FigkvjSgpmJaTXbwx7qcuN7cT4KmajHB3,1
2020-03-31,organic,brussels sprouts,56784,18sEXkTn7cAbY8V2TGfwiGTH3b27FA4NB6,1
2020-02-29,organic,brussels sprouts,56784,1Lv8KkQTsv2w6MCHf8CQEnEWo9vFBh5ZDk,1
2020-10-19,organic,tomatoes,56784,1226kGvg1YSG4N5CbWyfT1wBBRJXhvuNKj,1
2020-07-31,local,sweet potatoes,56785,1G9JvHVgXk13e3x86fhSnwwfhnc6AqQDd5,1
2020-02-12,organic,tomatoes,56786,1DukKqfH1QD2ofe9Umjc16WTK9GZ5ZiSa9,1
2020-04-30,excess inventory,oreos,56784,13PjKKYfuYwPDnRXTqRcPqhWEzVoQZg91T,1
2020-06-20,excess inventory,summer squash,56784,1M1Xgnk9xjHR7RV9UMxA4KFuwy9TRtjKA1,1
2020-06-23,holiday promotion,apple pie,56786,19aaUwDtSXGgoPvDvaDHrB6yJEr9d7KgtW,1
2020-05-17,local,tomatoes,56786,16xd2BuG8vLRpq6HbFG9AUJ8PekUbP14Hu,1
2020-02-22,organic,broccoli,56782,1odw9LQjJTptoP69H2ZterSDiTfxB7HFM,1
2020-03-18,organic,tomatoes,56784,16L2esM3qHnVU8uLUUi4wjr3k13dE6iK4S,1
2020-07-18,local,eggs,56785,1DtCf1FvJrZCKn4JPHJE9XpUzhyUA2ibyT,1
2020-08-04,local,eggs,56786,1QCyqNWXdRoPLJE7e6ww995cSFfQphqG9z,1
2020-05-16,organic,tomatoes,56786,1HhBdJLaJLW1PewT4ZK6JqatCeRUxDPUdu,1
2020-04-10,local,eggs,56784,17BLwMDS2XaTa6xbHexkoeCjqyMAeskhRw,1
2020-01-11,local,eggs,56786,18X4pVwnuTSrrLGujmdUzJkmruqBR2JbPW,1
2020-06-24,local,cheese,56784,1EHXvxWCswhdHD3Hy18pa92zHCr8Fxxns8,1
2020-02-27,local,sweet potatoes,56784,1NAGQdb16GroVwSZwXaT37C6FSSj795y68,1
2020-09-27,local,sweet potatoes,56786,19dBWHFDxYqoo2UVJmf7GFWnjZ1PgJwfG3,1
2020-06-02,organic,brussels sprouts,56785,1P4tfy96aSVXueBNpLLmhrjD7eo2EGiB4u,1
2020-05-25,local,eggs,56784,1E8pzF1HagwJeqxwNzLUFnZYdcWcch6Fyj,1
2020-01-02,organic,broccoli,56786,18gqJryHTnqMpdmhPnwhJuVrDg5WcvyisU,1
2020-04-04,local,tomatoes,56786,144w6TDVGHbPoNgjGswTeZ3eqZ7cMqsoB5,1
2020-10-22,local,eggs,56782,1Jwij8c3315EHfAHYdtWCCsLtaMKwYVKXH,1
2020-04-03,excess inventory,summer squash,56785,1EvwYfAitStGjfbnA2izPBfAbjgFuEpFPn,1
2020-06-03,local,cheese,56786,1LafMsHsSi8K7nufEB8ypcaxXSbEH9Ce4U,1
2020-08-19,organic,tomatoes,56786,1CwX2eXcfCdEKEdRQnyQ8G9itkEreRrxLN,1
2020-02-24,excess inventory,oreos,56784,1QH3vyvEYW9e7bv7pHYuDCNqhE9S5qrBRr,1
2020-06-06,organic,tomatoes,56786,17k6nyyrmBFPRTgNtJNKmFRStL3XtLkCyD,1
2020-06-29,local,eggs,56786,1PVeUW7fEMSGGRfT1b1KRAxMoE276HpJNY,1
2020-06-16,local,eggs,56786,1NYyNmmJ8vt3msNZ7kNSpbS4czJdWJYGhQ,1
2020-08-15,organic,tomatoes,56786,1Bg7ecADCEVTqTpKnPfEJtuMHRwfA8P4dK,1
2020-03-17,organic,broccoli,56782,1MF1i1AcLZiknxguR4grwyWWpYgHyPuxq3,1
2020-08-24,organic,brussels sprouts,56786,1DafCEsyxJfxmhnFFKfvci8AZvZnYyBMdP,1
2020-01-05,local,eggs,56784,15sTiUWUH5CsMgzeEHsHWatbubsataLGGv,1
2020-03-09,organic,tomatoes,56786,1LehaMenx74NVECgosUPGZ5CxPUFv3bn6C,1
2020-03-03,local,eggs,56786,15LPi7RhfUiN8LYdhsYzkWxsBtXp59S51j,1
2020-08-03,excess inventory,oreos,56786,1JjFFGJrkpvPdSyj8JQtKfGbvcKNSDs7sB,1
2020-10-02,organic,tomatoes,56785,169iusLpyX74Rs1BvoMkU3UWtAPQGXVDf5,1
2020-02-28,local,cheese,56784,1QJ4DsvfxpDRJBhsP2UcM7NFHXrhFa2SLz,1
2020-05-18,local,eggs,56785,1J6KRrY25zLkM1fHp2oUygoVL3Z9b5Fyat,1
2020-06-08,organic,broccoli,56784,1PgQksFZ9prqsiLsuMHPEZnbYQTQs3vC4C,1
2020-05-04,local,eggs,56786,1yG5r3euUA2b6r6QxN7Jz9Ngy64N6Ft39,1
2020-01-13,local,cheese,56785,17yT1GcY8N3mhkk4Xnj2tNzSJrUpRwdCJo,1
2020-04-18,local,cheese,56785,14RS3nHiFWBK8CpgXWm39Dd15mBh9rrreV,1
2020-02-27,local,eggs,56786,1NBR2yhiwU7od1rnfTBn6coLg8d3uvPZHm,1
2020-09-12,local,eggs,56784,1Ey3yqeuT8ibk45qFCg8fuW1JQp3WTe53M,1
2020-01-01,local,cheese,56786,16U5bvcqfTeSh2P7bqxqimupY1s776ieRZ,1
2020-08-25,local,cheese,56786,1LKv3kDYnYAh15C9Wvz87FCRiNo1Bthgpf,1
2020-03-10,organic,broccoli,56782,1FVgeP1xiE3weNqmhGA6VCAsWwBXtGWk8C,1
2020-03-16,holiday promotion,apple pie,56785,1FHig5jyxGMPnLqEPrDf6D9CFT94aWKUWx,1
2020-10-05,local,eggs,56786,1L1MRPzksG64rRPmcgLR4tDoh6nNmmHw3v,1
2020-05-11,local,eggs,56786,1NYyBX4XVhxFKmLXmtSffDaDe5xxoTbhps,1
2020-02-13,local,cheese,56786,194RZh3L38LAz2RmpHtx8Czs7WigvRKEfs,1
2020-05-04,local,eggs,56784,1CpDcJeTCwMhsifDaxZ3YyP43QMK3UNPQG,1
2020-07-20,organic,broccoli,56786,1LQziZpozfChUEj8gaZxRhHaLCDZnoisLd,1
2020-02-14,organic,brussels sprouts,56786,1JiwK1UqCNWKgPZ7LKkksAPYmhp7be1KgD,1
2020-08-12,excess inventory,summer squash,56786,1BY19JrvQzfoyusePBARQRus3PDnTt9MTV,1
2020-06-30,local,eggs,56784,1DyUPWAprU2utbJ92JNJgsijom4SDU3Cr5,1
2020-05-24,organic,broccoli,56784,1r3HHX2Xv6iciPXpjzcrtmnfqi1MHmQVL,1
2020-06-25,local,cheese,56785,1LzJDXdwSpup5uhbmF8DKwUGAjsRnev6tv,1
2020-01-18,organic,tomatoes,56784,17sBHf5XGJrvC1fHC3bw6uW3SCn3knrMKX,1
2020-05-23,local,sweet potatoes,56782,196Q8r4LTC9CZxioKUtuqhgzuDeE5tWQx1,1
2020-04-13,local,tomatoes,56786,114BSkf3gXY6ZRvJtKapdLvke5rPsgMY9X,1
2020-05-25,holiday promotion,turkey,56784,1PKFb7u74WY64uJ2dydZZhHW1FaipHrBk2,1
2020-07-18,local,cheese,56786,1Ad4LLUPufucau6Q29NETz1YnwsakXbdzY,1
2020-07-23,excess inventory,oreos,56785,19ZGLcRNZiDSfqysfDW4JRnuyjMCQFgb5x,1
2020-06-12,local,cheese,56786,1JbMpwZTjaPR4kDr6rai8nFPwhs3WYLGmF,1
2020-03-01,local,eggs,56785,1P9eLuNyvfv4yDFTeZXqjGtsZn4AxFyXTu,1
2020-08-09,excess inventory,summer squash,56784,19qdAmvqrxCJXEaYZ6daZTiaaqbkBzMv6j,1
2020-03-10,organic,tomatoes,56784,1QATacnvVwG8jQx2gBAaomCUcvyvKywegB,1
2020-03-25,local,eggs,56784,1hsLnkutm95n1SnfwdmvXtN9h8qN7481d,1
2020-09-06,organic,broccoli,56784,1DckLYUhXBgu2yQ1T8AFrBsKgDLfxrq2uQ,1
2020-07-27,local,sweet potatoes,56785,1P1Q7sSpqnAzqcjcnrkYL9hyiVeXtKms8e,1
2020-02-03,organic,tomatoes,56786,1DkmJBnufF9mArYGJ9i39yjaurYzdHZuxt,1
2020-05-05,local,eggs,56785,1Kvh1j747DefR2YdDAKdEyLaP8GPqDefJX,1
2020-10-02,excess inventory,oreos,56786,15HJMcrtaThqoCP5EkBzfqw5AB4rLnhtWi,1
2020-10-17,local,eggs,56786,1KEFWmMNGXWeshytXth9wbkmGHz8dp3x2X,1
2020-07-11,local,eggs,56786,17WYWE7P1TCbhAYzdXt7SC4REqTdHmFQMp,1
2020-05-21,organic,broccoli,56786,1JmAPaSB1GLZy75uvBM7BsJRVbuzUyy4nP,1
2020-08-26,local,tomatoes,56786,1GsFVFMLKdewJnMmAsxhfmtUcTwigs7XBF,1
2020-07-02,organic,broccoli,56786,1CgTePsptGkQYNEVZL5ajxwUzDUSSAawmg,1
2020-03-20,local,tomatoes,56786,1VSGmaHtTY4yWhUce4XKMe9MpTu9H8QkY,1
2020-01-31,local,eggs,56782,16GBg1QyEtsnqVkYxiQdM65sgoEexe39NG,1
2020-03-20,organic,broccoli,56784,1AZ8Wt8Nc5cxJe5Cy2GpQ4eM3DFb2vRKVt,1
2020-07-13,local,eggs,56786,1FuJfTTGZwef9jgY9xVhJVSGLmvdcHFJe4,1
2020-05-28,local,cheese,56784,1JPRaeZZEAyQKHZukHUSagbX5jE19yQLCu,1
2020-04-18,local,eggs,56786,1Nb7CbM3qjs4uK1UBNLA3cW6zfcEEqMYBZ,1
2020-09-27,local,tomatoes,56785,1LDcSDzEDvGow9QicLi8YfQ7Z4XCrRXVA8,1
2020-02-04,organic,tomatoes,56786,16Vcq7zFK6RgCoNwZ6U3W1mCzDxfqHi4hp,1
2020-07-25,local,eggs,56784,1KiriZYF5RPyjtWxAW9HQfzNhNUawodk61,1
2020-09-28,organic,brussels sprouts,56785,1HY9SQPG3MhwWPUp7sinbP5N5Ft93e17sW,1
2020-02-11,excess inventory,summer squash,56784,1FJaVF3z3hoFkNH1uJB2uYx2LLSnSop1Yc,1
2020-05-28,local,eggs,56785,1MZwyQ4zHHK2MivzWadC85id4srGdGKRtA,1
2020-09-08,organic,broccoli,56786,1MmTjrYkP474eLuftFAhw4JqjR4FnUVnaL,1
2020-03-06,local,eggs,56782,1L2rkHwazAwQ1RSekYrUiApYLkbfRfKL5t,1
2020-04-24,local,cheese,56786,1A2q4EWTdpFStDt4vavQAgU15d797UdDrM,1
2020-08-10,local,eggs,56786,1PedA45UsYtfCGC8roXSEacauzg637KjiC,1
2020-09-22,local,eggs,56786,1G3oU1WHVdYuAgcyXdephaALDGA1Jacj24,1
2020-05-05,local,tomatoes,56784,18LbRUwRtcbkgtgAN4qza5iGwi1AN4hxRM,1
2020-03-26,local,eggs,56786,1FmBv645bsKP9dHFMKhynnyajWykxQjMJA,1
2020-04-05,local,tomatoes,56786,18B9CR2vj8oBjBwc6dAtVNu825QSXZH8tX,1
2020-03-13,local,tomatoes,56786,18JWeUQQHZnbE5wg4sj479ocpFTseopDpu,1
2020-01-19,excess inventory,oreos,56786,1D2yn36KzvHHq6Qzvy9CZXTXjK6mE8vE9a,1
2020-01-17,organic,broccoli,56786,19f8i3rtWFFpWH9X2xeyczydkHwUiEGu45,1
2020-05-15,local,eggs,56786,1JT1zWaDbzPZKSP4PqDr4PVu5ZhhJMfEHo,1
2020-10-25,organic,broccoli,56786,182e9jApaLtmj7VCbKjLVrPE8dNTGyPvWM,1
2020-07-26,organic,broccoli,56786,1D2cgQUbGFHfDSRNUBdkgRuz7VcUK6WsiF,1
2020-10-25,organic,broccoli,56786,1GnoqNHXvsjtextXhDvPwjFiE5hvE8FjiF,1
2020-05-02,local,eggs,56784,1EkcTamEs77XtJMwmLMkktnuqGPRvmxxNh,1
2020-10-14,local,cheese,56784,1AxVCKKnugYjYCZg58MAyXpKTRE7ECgoLF,1
2020-06-27,organic,tomatoes,56784,13gRJUNHfCBgU32crwpqms1Ay1HE1tdgeL,1
2020-02-08,local,sweet potatoes,56786,1NEw8ddqX7UnhPnetwgDqCwgbptrneNHHh,1
2020-03-10,local,eggs,56784,17A1TAEabWzpJPD6zrhhb3V2CJbDas7SF1,1
2020-05-20,local,eggs,56786,1HNH9tAZvGPR6GoNs5vvas1A4dnpg8vWC,1
2020-10-24,organic,broccoli,56782,1C9XbWKEVFHsJu6cCBBYncwwDqrsU5pTek,1
2020-03-28,local,eggs,56784,1EpqRmSjEVtCkmJ8RP7U31efAvQV6ty9mw,1
2020-06-22,organic,broccoli,56786,155PbVj89DEZ2k1mcp1kj52nc9BcYnUv4G,1
2020-03-14,local,eggs,56786,1BjiFj94catTeTDDTT9Ehw8QpYkHk5gmYD,1
2020-03-06,excess inventory,summer squash,56786,17qAKFWvmG7XMyKUrphQxcs9peEBYaBMjG,1
2020-01-27,local,tomatoes,56784,1BFG7Vsmb8ewa3tZQfW93ymuCGhVoMThcp,1
2020-06-20,local,eggs,56786,1JKX8xjsuhdWCr9qg5sNXmwMWEh1rnjtEZ,1
2020-01-12,excess inventory,oreos,56785,16wCibcwnmxWWbGrSfDBf8nXqEDNLuGbU6,1
2020-05-16,local,eggs,56786,1Ee5oYi8azVmGxw5zYKH5ZXJmMEbH8vS1z,1
2020-01-05,organic,broccoli,56786,1NVEo5YvC993q8zzFPQ1bpQDSB7RXCkBqg,1
2020-09-20,excess inventory,oreos,56785,1Q7An5nW9vEjxZEgZ2qyV4pv67wBU7m53o,1
2020-04-10,local,eggs,56785,1GeMWC2r4WYh6oiM5P5iUaQ25aKxuUK4u7,1
2020-01-31,holiday promotion,apple pie,56786,1AgrRrVmc7yGURFXzh6ojmYMSfrdjHWK9b,1
2020-09-10,local,cheese,56782,12Qa2Swc7jtPXN21NJ9WntvMVigToBhhFZ,1
2020-05-02,local,cheese,56784,1NLK9Ga3DHsUBG54HG2Ubq9nCP3JAQfnLq,1
2020-01-08,holiday promotion,apple pie,56784,1BJL1gDEhf64WvAcP5fwCMNJncphykPXXY,1
2020-08-11,organic,broccoli,56784,1Pu82F8cBQKwcy1GcDtiM6iGr6yfhJGRaC,1
2020-01-30,excess inventory,oreos,56786,14JeCtttamo5dGVeygrhr45qwg1X2Q9Pk7,1
2020-06-25,organic,broccoli,56784,18YujHKZKY9F6R4N79qBrXTwqSDv3mNCWt,1
2020-05-12,local,eggs,56784,16KNUtZSuNxhziJamM8razqF9xto4Pqi2f,1
2020-01-27,local,eggs,56786,1GPDQUQJNWkTxgCkQvXVbTn8bNC2Mi7Uc,1
2020-01-21,organic,brussels sprouts,56785,1L5z6vApP8rf6zNNu3oVbPuzZ7afw4gXBP,1
2020-03-09,holiday promotion,apple pie,56785,1CqZXGrfi3D5hkiLHppYaUxRxPRYc3XWkH,1
2020-03-24,local,eggs,56784,1Lt6AYBTfwAzn9uUhWgVPmCkNVrksTFN7u,1
2020-06-03,organic,brussels sprouts,56785,1ELaaUgB8PXmP8D2nDHaDGkQUPBKX98v4Z,1
2020-03-10,organic,tomatoes,56785,1KbPH2T8uFGatKBzi4rEUXAje7AFVuFfJS,1
2020-06-30,holiday promotion,turkey,56786,1MbdSzhni4JT7bKp2Cd7A5azvQnN9Qr3C9,1
2020-07-05,organic,broccoli,56786,1PHmxtDKR1hSrBDBwQoHJcg48AmLtq992p,1
2020-03-14,organic,brussels sprouts,56786,1NpfSjDx7WzNS2m5aQtBTK9V8JhpxDnGDQ,1
2020-04-24,local,tomatoes,56786,1FRnqnQDvELtUqrHWvKkhpzi4apVX2Ae44,1
2020-03-22,organic,tomatoes,56784,18oKnJssYKka43f12hH5p7RL2QHxPw9GPU,1
2020-02-05,organic,broccoli,56784,1B5Ex8RZ6fBQ4ZVS2WBFfoazjCVSxZGhNg,1
2020-03-06,excess inventory,oreos,56786,1DGsFrJeZjSEx6QvAFmWQVgUGZ3bnNMB1y,1
2020-04-04,local,eggs,56786,18Mz9Q1YaQDYJUsH5VQcr46WZSbAYpZdkQ,1
2020-01-19,holiday promotion,cranberry sauce,56784,1BWFUGALWUrwRiGLK3hc9mBk4Vj89EmntW,1
2020-05-15,local,sweet potatoes,56786,146dYAKBWyvCbaUNiNraHngJg5zeeDCYEk,1
2020-06-12,local,eggs,56785,1J158Nsn9aoaVupHKR8kF5RYnyi2akNDQB,1
2020-10-16,organic,brussels sprouts,56786,1CnR4TFozYWmu1MocbFA5QGaypMw8nt5hJ,1
2020-04-01,local,eggs,56784,14oo6SV6WGCbmPnKH2K8H5bLpoRdzu2HzR,1
2020-08-23,organic,brussels sprouts,56785,12fqkYfmR9fJ1vqbZgzffkQHgzxhCDy78k,1
2020-03-06,local,cheese,56785,1CR5yMekuAJev4pWNiw4P87vyZKLHxVEkd,1
2020-04-12,local,eggs,56786,158NJkLEYmrHGx4SSNW4AUuJTTVuzbgiBn,1
2020-07-05,organic,tomatoes,56786,14girX9EGpzizQEPkXJMTxim4esNRzCsjt,1
2020-06-29,local,sweet potatoes,56784,1DPvCne97m7nwQZ96XxDf4PVWSAGB5VNYB,1
2020-01-09,local,eggs,56786,1EZeWkAJMMCNkbqGY4M7cyirLyeTMcThZF,1
2020-06-08,organic,tomatoes,56784,1VUs1EBPRA24gHdGdFxdyHcD12La38mYD,1
2020-02-13,local,sweet potatoes,56784,1NH4hJkAqBs5yvRfCq2abTBaa8Qj4m5m3n,1
2020-03-28,organic,broccoli,56786,15pT3Brj47EYKPtYmHXBcgeWJmD1LjZL13,1
2020-02-03,local,cheese,56784,1Mrx4LX5tcHUKVUjajUr2VCAQ7SNjFzozP,1
2020-06-25,local,sweet potatoes,56786,1LPcUsAWNwxMesbYcQY6q71CQMBzicDYm7,1
2020-09-05,holiday promotion,turkey,56785,1Jq8bsJ4ozuizfuMZ49ULZ1xTZR1zbMQko,1
2020-05-10,holiday promotion,turkey,56782,1CvF3WqAsFpzizvQ6notbjpuDKJpSYSZtn,1
2020-03-20,local,eggs,56786,17hVEw2TpBmHFB1Ub6Xib582DtyJHkyZD6,1
2020-03-30,organic,tomatoes,56782,1EQkdVHK8h1cfZZbhwndw7GxSSmbYu8cGv,1
2020-09-22,local,tomatoes,56784,1HzbqLtGapvv6L9ubXRtmYzFPuoUHEyGXj,1
2020-04-27,organic,broccoli,56786,1FQpD2DFZQn38fPeq7d2RMzGZF8mxvXmFh,1
2020-01-06,organic,tomatoes,56786,1GFEqUVtkADWLWJAiBBN81EdSzQDTZUjaD,1
2020-08-07,organic,brussels sprouts,56784,174DgVsSzQrQDrRR3dwSrmNcRfCNmMRGL3,1
2020-10-11,excess inventory,oreos,56786,1MZqyyT8JNgHBV66cynDBVtyvrsaq8SuVx,1
2020-08-02,organic,brussels sprouts,56785,1QL1wonWMQiPkfus7Uxz1MFLs7UiNEnxgK,1
2020-07-24,local,tomatoes,56786,1GCfzaJWpobW9t8DUkR6rhadkQGXVcH6LQ,1
2020-10-19,local,cheese,56784,1NC2qZGUZrNXQB2NFRdfPF8Fi6Hp5dtv48,1
2020-07-07,organic,broccoli,56786,1Hz75zq3e6cXPAcxxQ1AcUwPabueZ3qZWu,1
2020-04-17,local,tomatoes,56785,1MoBPSuiD99VeFGSCB8ekVRxzUx7ZxwBnJ,1
2020-09-18,local,eggs,56786,1N7EttQbwdqGwCojHmnmavicUibfR3p8Hm,1
2020-06-03,organic,broccoli,56784,19kwzFM2ioyz31sJZkNbnq5Vj8Atys4uqF,1
2020-01-19,local,sweet potatoes,56786,1Adzcz2aPTQpdErq8UNRPSaXj4s2WLMGFe,1
2020-03-24,organic,brussels sprouts,56786,1BYL6EMBgwVZtT2X5YMbeLmBGKppN7sapa,1
2020-05-28,organic,tomatoes,56786,1Qx66yRt5zXRzCDrqXojZzUWPrrSchJpD,1
2020-03-11,local,eggs,56784,1QFhVLKpjZ6iUcqbCG4B1q9HB4qS2yYTgt,1
2020-03-02,holiday promotion,apple pie,56786,1FEMSQT1Ld3QwPcPGtWnhsiL7xrABACudH,1
2020-06-21,local,eggs,56786,13Vpa3j2Qe2dGKMQFH2PorpVzhcEnRUmzV,1
2020-08-19,organic,brussels sprouts,56786,19ccmVhkMgyuoB1xrJy4aWFoQYN7Fte4F6,1
2020-02-14,holiday promotion,apple pie,56785,18jX5KNtjnmLtjaBWZyUiGwM7t6ytHgsBX,1
2020-06-21,local,sweet potatoes,56786,12Dp2vn6amkDosrtRpcDJGnSy8csCTq7cG,1
2020-07-26,local,cheese,56786,1Ng82Pb9AmS33pfrnv1zZ2QFcwzc6TLY8W,1
2020-10-11,local,sweet potatoes,56786,188L9XBhSmqrUG6yfpVDtfyrnNKEVucXTP,1
2020-04-08,holiday promotion,apple pie,56786,1NquksfmpyKUpcM9dYoU3SpFGGzk9YiLnz,1
2020-08-22,excess inventory,oreos,56786,158auCLQaVwWapdXniKLioCKe4HA2JQBix,1
2020-04-11,excess inventory,summer squash,56784,1YmL4LkNCENmUGty1em2T37PEovQzRM4w,1
2020-02-26,organic,tomatoes,56786,1Ci2KQbmDfzNnPEKY7rfJvo7Q4TbXmXvsS,1
2020-10-25,local,cheese,56786,1JtH1xb3i6zkJxVJGyGqSqNQFBxgboTdmp,1
2020-07-06,excess inventory,summer squash,56784,1Nq4Q9u3LDfa5MrWWAp84hQCpp63eMtMbk,1
2020-10-17,organic,tomatoes,56786,1QCntcSt2o9bbLWc7BHG4jdxSmFUor3uKd,1
2020-03-14,local,eggs,56785,1MR7mGzxr8YtZva46VvCUv9CNJxnjA8MFU,1
2020-07-22,excess inventory,oreos,56784,1JnjbYaA38ehYhVqwyPj8mpzs919ih3Lvv,1
2020-04-12,local,tomatoes,56786,12yxpwni9fsBDxC9snyhgcndNfpwW3y63F,1
2020-01-18,organic,brussels sprouts,56786,18XZZKzZZbQ2Yd6gVrHweCBtr9eT9b2i7y,1
2020-09-09,organic,broccoli,56784,1Q8zLzHyfxDNQwEGSGKzPk6a9rKW4LD4C5,1
2020-01-27,holiday promotion,turkey,56784,1KHGfzByQbLshuowpP6qtH58AzkHy1XHAL,1
2020-08-27,local,eggs,56784,1LXAE3gjVYpUK8VYVn1745HhuiPMr94F5U,1
2020-06-21,holiday promotion,apple pie,56786,1BQiGjzxe28riLY5gBx8G4xpQCV5oLazYS,1
2020-08-13,organic,tomatoes,56784,1Fjvn5gEfttXeSwvaTDBtwyKpqgmCrUo8G,1
2020-07-11,local,sweet potatoes,56786,192Bhwa5YMAeEEDQZhtsi5q3utmhTznD2A,1
2020-06-19,local,tomatoes,56782,1Dtz73DN8dRsmQpEjctM9d6jznxmbaZJiQ,1
2020-08-27,local,cheese,56785,1MCCw6XJHwwhyPuiobFGczxqXXjv7RERW7,1
2020-02-28,local,tomatoes,56786,1MKH8SbUd3YYxtDRdgrYcjsWuBJqPw271W,1
2020-05-04,local,eggs,56784,1DYCwd3nuAgYQUjnSRxWXySxbEnEHZiMKK,1
2020-08-05,excess inventory,oreos,56786,1CXmMfo2o59UURXkpJdPUmcxPJi1sZhKTD,1
2020-10-14,organic,broccoli,56786,1LNu2NzbhmvVY9e3jRw6TboApAc7KDy4B5,1
2020-02-26,local,eggs,56786,17apTk4SjnK7TxLWSosRUe5cHC2L5RQHoY,1
2020-03-25,local,eggs,56785,1PjPyF9AskiT6QDCESuB4iCDpdxHJfapov,1
2020-07-14,organic,brussels sprouts,56786,1PSXgRcGLyRAZGozU5W9AagiwsNEqHZgei,1
2020-08-13,local,eggs,56786,1AKpUDvqcn7ptv8wtmNpg6amJxSrKsb5D9,1
2020-07-25,organic,tomatoes,56786,1AtnKLJsBSWoRFxracNDwSzdtfpPhhyyKw,1
2020-10-18,local,sweet potatoes,56786,1As4vkmyS7WMd1j2hRsTbbobA4A44zEZpU,1
2020-09-04,organic,brussels sprouts,56786,1QFxv3V5S3W94XCg1rr4tvsgws6w68fERw,1
2020-01-21,holiday promotion,turkey,56784,1FT4659c9H323e3tnXTR76s5D9JTpcZHUm,1
2020-01-07,organic,brussels sprouts,56784,1Gvs3vbmAzd9YpsuFsCKcxnUS2yrbvVxMQ,1
2020-01-25,local,eggs,56786,1ET2JRGZVuZod2Z1Z35fTmPgEbV3xkHBy3,1
2020-02-24,organic,tomatoes,56784,19fryqvUyoWNJkED9jCBfCFaTfM8fGaamw,1
2020-03-21,excess inventory,oreos,56786,1WXoReK15wF1btt64QeU2B5hZX4KhVwgB,1
2020-07-30,holiday promotion,cranberry sauce,56786,16nunLXVLLbcSdhFNGwPyFkRDhpwj6H23Y,1
2020-05-19,organic,broccoli,56786,1HScNbkVxcHDgoGA9TELM6moDxACiGJE3r,1
2020-07-18,organic,brussels sprouts,56782,12xacDKUSRQyT1LLo52cGTLHXfPSCe72jQ,1
2020-01-06,local,tomatoes,56784,1KzMqJARQLJgNBHE6Ewygvq5PVGVXH1Dp6,1
2020-02-06,local,eggs,56786,16ViiH2CjSki6jsyKAZ5hEJbPejwWuCFjV,1
2020-06-20,excess inventory,summer squash,56785,14Htxn2fxBQa4fiH4n9fGzVHAmdkA58d8u,1
2020-08-12,local,eggs,56785,16NzVMhoopk6k1VJk1UfSe1xJNAgFg1hME,1
2020-08-26,local,eggs,56784,1L6fLF4Q4AT91ejirpEMP17MUDxk1MGE74,1
2020-03-17,holiday promotion,apple pie,56786,12nBuX4GvZvnuJvbH8mrdawj3KT19bK7VS,1
2020-05-07,local,eggs,56784,1Fn2ie7FFeVE6NXvViwkgyaXVWQm4bYpf,1
2020-05-06,organic,brussels sprouts,56786,12DGJAiuU6EmajfXF533V72oqWvExqtskc,1
2020-04-01,local,eggs,56786,16P7KCuQTvDM17SarxJJb4hRNdSgAH8Vtt,1
2020-09-05,holiday promotion,cranberry sauce,56785,12EVx3ykqCSzFpVSqUt9VjGnPTGgfvuZ3U,1
2020-01-31,local,eggs,56784,1LErqPTdxcscrQ26yzZsxtTEdrCBDj7ajs,1
2020-09-19,organic,broccoli,56784,129ZdHXvo6St9BBvUWjFWG9PASSBbAt8cc,1
2020-08-30,organic,tomatoes,56782,1N6hojEdBaBa6WmuvZsT7bCQ3wLNBaaaA6,1
2020-07-25,local,cheese,56786,1KUYCfv5QdoJEKDFuwpoKX5BvzRBSsXUp2,1
2020-04-30,organic,tomatoes,56784,1MmxBgx5ByRp8ceJ2WefSYLCsKUzq5Li9w,1
2020-05-07,local,eggs,56784,1Adi5wYJik3quvk8NCMNvcuqvFWrxUnTvJ,1
2020-06-05,local,eggs,56784,1Hxd9cLjs5n4fLGrynyjXss8NSRFvpCkeb,1
2020-06-06,local,eggs,56786,16xRMscJ8ih2TUsF3pCEUK9YyvhE7XrUiu,1
2020-08-18,local,tomatoes,56786,18VCrr5Y4zu9XoaMEaTqDqcJYurN72jeGa,1
2020-02-29,local,cheese,56785,1KA89RdmM5ANK1bZwkJtU6q3bHRkXbxztN,1
2020-01-18,holiday promotion,turkey,56784,1HHcVV2LTFuakzPGHRQZ6PbcNJjTYttvtP,1
2020-04-10,organic,tomatoes,56786,1GTT2WD2QkfSPUcTQ62waS9o1GhGAYTTnw,1
2020-07-12,organic,broccoli,56784,13GZ1EEbRgLUiX7kzL52SUU2bZcnkPWhQd,1
2020-10-06,local,tomatoes,56786,15tC56k9hUShCAVm8FtsKGGPZPpc5coMVc,1
2020-01-11,local,cheese,56785,1Fu4HhFN6WZDmUrCFjNrWPPkPr33GE4JMP,1
2020-07-10,local,tomatoes,56786,1NUY5dQ1YP1QfTR27xoZeqw2rroAvbvkAE,1
2020-07-28,organic,brussels sprouts,56786,1D5eSeFyeQKeBeA4kZ8dMbmcZPzVmjiKBp,1
2020-07-09,local,sweet potatoes,56786,1A2DwGewBwj4Urx7dz4QfAEQHCaWGxVeQW,1
2020-01-21,local,cheese,56784,1MKrkcBqqoKZjPLhi33N1U3xLCotPpd1mG,1
2020-01-29,local,cheese,56785,1FKfN5M85RxsE2tjiYMaP5bSUM8MWJPy1p,1
2020-05-25,holiday promotion,cranberry sauce,56786,1QKyA8gp7SPLdn56ZbGBy4mhS2s83wmqn1,1
2020-05-01,local,eggs,56786,17smDMjjp944mVFrkBr1sQjRt2nfcqyfu,1
2020-09-22,local,eggs,56785,13XzxjBmK6TTbf7E2j9rPqgdVQi9LyJsB7,1
2020-08-10,organic,brussels sprouts,56786,16bHKid7sKwEeUXvkgvcPLUbamx6KDZHCG,1
2020-05-28,excess inventory,oreos,56784,1DjaEVRSPb8FcF7odzzsziYXP8CAKUf4Cu,1
2020-03-21,organic,broccoli,56785,13NssVNjkWeapzuWvkHqYqtEHf8sXQtjaC,1
2020-08-15,organic,broccoli,56784,1Mviq111qjEhxkmseu7NCiCgrFsksZBRJt,1
2020-08-29,organic,broccoli,56786,1JvkhYKYb1Jnpw4UB5mXSb5Shpc4VbWPk1,1
2020-03-22,local,eggs,56786,1EvJPGnjxoYcZrkVCL7m45GYg8mwvVsbcX,1
2020-01-29,organic,broccoli,56786,1KFxfGjUDoMnhhP41epRckiweA1wZB81Nv,1
2020-08-16,local,cheese,56786,1JjL9g3NAHvVxa324KiK7gNmk6WDXv9Lrp,1
2020-06-22,local,sweet potatoes,56784,1GAw9thAcu8sZrY4ZqNA5E3W5LoHYVe8Sr,1
2020-08-05,local,tomatoes,56786,17wufL6cJ9cWLbFjiysTvxnd5LMDGxTz7w,1
2020-01-11,local,eggs,56782,1BxZ3b356CjLzDaXohhyPfTX5JA1z9N5Q2,1
2020-02-18,organic,broccoli,56785,1162A7cTcLHEcxKxHPpXKdnA8jCnb7kAye,1
2020-10-03,organic,tomatoes,56786,13TeFo2TipyoNZpxmUTXWaUyJSK59knU5s,1
2020-06-11,local,eggs,56784,1BcBrSfBq7j1Y3jBZZW2PrX1oDYnFnrUBY,1
2020-02-10,excess inventory,summer squash,56786,1134VjdEFtmQohu4GjdxuxpLXDrcszGg14,1
2020-04-03,organic,tomatoes,56785,18LeJ4XXJ2cYZ1SPw5XAkgofsYVrrveFVJ,1
2020-06-03,organic,tomatoes,56784,1NMoNyTuDWWCaY7cPthHEyvahW59SAL6c8,1
2020-04-05,local,eggs,56785,18f7MKton3vcjxoHyuDb3ssy2uUJd66D9z,1
2020-01-17,organic,broccoli,56784,17m8J7BTZ5VuVLKGQuLNZQU9RuYecgdVtm,1
2020-10-20,local,eggs,56786,1Q5SBEB1bKM6VRt7hpugpe3GWsQQk5Qrze,1
2020-02-14,local,tomatoes,56784,1EvYsGB9PWEYwjm7TMWUbfi1t8oUGvrgpx,1
2020-01-16,organic,broccoli,56782,12Dn7s2KqRZLTBavjfvQFLEpRFYHaWfLxJ,1
2020-10-01,local,cheese,56786,1KCLLdpX3nytQQvtwX9XuAJjTJysS3MRhz,1
2020-03-07,local,sweet potatoes,56785,18LGbuSJgBm8B4fMwAQ9hMAwBNAfVBQsDa,1
2020-05-19,organic,broccoli,56784,15z8gp1HC7Uq2grpZT5CYWKsuY4x81UfMN,1
2020-09-25,local,cheese,56785,15UJE2evqoQgJpCYT5x8RyT2KyHMKjWri3,1
2020-01-06,holiday promotion,turkey,56785,16DJqibXVxw5WfwbMPBWj7TeHeZvhEw913,1
2020-02-29,organic,broccoli,56786,1LFzcYd52HUidtRSBQ6LZxmeU2459SCuzf,1
2020-08-20,organic,brussels sprouts,56786,12QaCwVaWSNsoUngg6BMyWHLfZmbnDoydP,1
2020-08-09,organic,brussels sprouts,56786,1JEFNbHDZnDp52d7W25vHbt3fLYBX3h2X4,1
2020-02-29,local,cheese,56784,19AgtdTiNMEsFry7hw5ovnwVdTNSwkze1J,1
2020-07-11,local,eggs,56784,1B98jCqBrLPd4yEgfGtovzFNmeJeZPzDWX,1
2020-07-08,local,cheese,56784,13S94Q3QgvC7fATj4wr7w3rsjh1rrbL5mV,1
2020-08-02,organic,broccoli,56782,1BAKS8nhzz3wYAqrigkuK35iG88UwwqnNp,1
2020-01-18,local,cheese,56786,1GujdDLkbHXKpeJ2LNJ64V11iuhK9gkARE,1
2020-10-18,local,eggs,56784,12tJEfnkWJsLNN2Mg6xSMADTVwxCXSJ7VL,1
2020-03-01,organic,tomatoes,56786,1NwtrYGbqQDzRbk2JLzD5gr2vpRwRkqXpK,1
2020-01-28,organic,broccoli,56786,1AXd6V82zbRKdJMJPJhLktnzmwz5FX2oG2,1
2020-05-18,local,eggs,56784,17e7KHYA9cAwp2CwbwMHRM3GejSu1cvJoA,1
2020-06-07,holiday promotion,turkey,56786,1E2YHJWtkMTEJTxFNVWnHjo1dMghZ3t57B,1
2020-07-17,organic,brussels sprouts,56785,1CxYTA78vA6vxA1PLQi3jEg4XQkEwEaLDk,1
2020-04-01,local,eggs,56785,16riRnsoBjMP2xcb7KDiPGiFdZQLTNqerP,1
2020-08-27,excess inventory,oreos,56782,1ANG6e312bgK7f4XSRJJtSMhB1aEFiBuXK,1
2020-02-24,local,eggs,56784,1CuXH6g4Mmryo8ghi3QZ1PrxmabYqAxY7b,1
2020-08-07,holiday promotion,apple pie,56786,1Am7ZdiNVX2xWpsUBC6V7uDGgRzwqdUiHn,1
2020-09-21,local,sweet potatoes,56784,1Ea72aoBZ7j7AejjnzJUjkT5QX91FMGDVJ,1
2020-01-15,holiday promotion,turkey,56785,1FBfeQ2X2zW1F8U3HnmHxaB3afeMaiAQng,1
2020-10-21,local,tomatoes,56785,1PPkSijFKB1JcooEPKKHBG2ykzyACbuV6B,1
2020-08-26,local,cheese,56786,12Peuyyv2xRjSwYWxMdzF3WNBQHLhitcaC,1
2020-01-12,organic,tomatoes,56786,1NQ3sixeL3mY5E92DSF57uxuTPrNnQbCZs,1
2020-01-05,organic,broccoli,56784,16YYuSUa8d7KrnDG2fpBSLQQdeweQtzEiG,1
2020-06-04,local,eggs,56784,1AvKhc82h3CX9yRf1BG4ZE3ri8o73WZdxz,1
2020-08-04,organic,brussels sprouts,56785,1wPWUHM3DWps4pXji9DGCsnfJkxnYF2vf,1
2020-02-05,local,cheese,56785,1AeD7qEKGvpkAyDg3zRFGMRByKvXubTqBZ,1
2020-06-21,local,eggs,56785,1L2VHPFzCX273hRT367N6EEkLZwz9oyaE,1
2020-03-22,local,eggs,56785,1LEieoLvvZRuUKEC9SsLrNyLpe8NoC533D,1
2020-07-15,local,cheese,56786,12UDEw6uTgiHgyJafmzfr4eU1jpk1oD2kB,1
2020-08-11,local,eggs,56784,1PrwRaXJMjfSpBZXKr69uHE8u5UUrW3Pr1,1
2020-01-30,local,cheese,56786,1DjdDArYemWn18iH4XZy3YymdT53kPiEBb,1
2020-05-09,organic,tomatoes,56786,1BqorHj8YB1kCL4VGKPPVhNTvnnVRFBU3o,1
2020-09-10,local,eggs,56786,1F3NsTTRKAKyJQFC8KKV94oQXNVQLhqJ3c,1
2020-04-25,local,eggs,56784,15tifWTuy9aEt1qZcGo8xwaQPV781xW7RA,1
2020-10-06,organic,tomatoes,56786,1HM2FyeZqdT8G7A4phhZMtuzcSnEpsLcbd,1
2020-07-28,organic,tomatoes,56784,188ZTYAzGgqeCnxEVmfbGJqZtg4ALY5462,1
2020-07-25,organic,broccoli,56784,1LVjWqvMnawbEBgEfQ7rNhqi7jbACmrNjw,1
2020-05-07,organic,brussels sprouts,56785,1Pvr2jisfKN1ngrptiDuXoC7QnPUzsmpuQ,1
2020-10-05,holiday promotion,turkey,56785,1Mb9FpZWGp7GNGp4wcRdVHhDjaUVooXBDh,1
2020-05-14,organic,broccoli,56782,1WYfGPR3n2ew8dJ6Wv6FcQzZGZkU8qyb9,1
2020-02-05,organic,tomatoes,56786,1MMojUmccUBgEP4mPsaMRTi61fXr4wRpWs,1
2020-10-05,organic,brussels sprouts,56785,1NCGqXH1eWv4h8VdwWM9q9htZwkTdXNq5j,1
2020-09-24,local,cheese,56784,1GcnFghbnkJNP9Hv21R9q8PnvBYTVvRy1W,1
2020-06-28,local,eggs,56786,17CoP2Y2pkHHkpSSLFMvrxyZqzTTHCDcWE,1
2020-09-03,local,tomatoes,56784,1N2PveLdvMJjMvcm3JXfQuwbftcgV9ArcY,1
2020-08-26,organic,broccoli,56786,1LWZqU5joXFbVKaCPYADZJs4UTGioX9KZJ,1
2020-02-27,local,eggs,56786,1MEez7kasUD9irCVuV8DExjrQ7a1eQ4y7d,1
2020-02-01,local,eggs,56782,13xb2ZBhfwsbkP8y43f54BC9Pnvw8dJScH,1
2020-08-25,local,cheese,56785,1MK2zCuUJpQb7uM9Ud9M4Q5p4jk5ha1kem,1
2020-01-12,local,eggs,56786,1F3DjE3QMoWV56oHScXcgQuGyYaLpNcZdp,1
2020-04-22,local,tomatoes,56786,1NgNh8SxMT91KVG7ZDG3QStEssFxpjpovU,1
2020-06-13,local,eggs,56786,16GtGGun3STmKi1kiayk5BVeNkK1QJbTca,1
2020-01-01,excess inventory,cranberry sauce,56786,1BYDnMPXfJszxY5y9r1nEs9Gto4yFGRogf,1
2020-04-13,organic,brussels sprouts,56786,1R4scRTUQPjYA4jzyE4DRanm4HxQkT73q,1
2020-10-09,local,cheese,56786,1BEHnfM1Gv4LQ2VE9yg1zadmdtPLQmwCvP,1
2020-03-12,organic,tomatoes,56786,1JvBwtSZAktH596tgYFnJnw172dqBnUeJm,1
2020-01-08,organic,tomatoes,56782,14rszS1aQogtonaULhLnDrypQ27QhCGqp1,1
2020-10-24,excess inventory,oreos,56782,1FDwMGU2MSgva5pGF7oyZF42fjxwS4dPjr,1
2020-06-02,organic,brussels sprouts,56786,1PfkK6fLdffntJhsWQcTcFEqLdLwyDdGR5,1
2020-08-12,local,eggs,56785,1aAPyidGKAYDXvSKvVPnQaeqJicg6N27y,1
2020-07-29,holiday promotion,turkey,56786,1HSGjiHRuuQVtXGCW8Ai2h97uLSW5xppqS,1
2020-04-10,local,eggs,56782,19gmcBeayzJN45Hp94YQxNxgbRQFbaC684,1
2020-10-18,excess inventory,oreos,56786,1GxgasRzerzTZgwJTRW39eaYvkjgWabSEH,1
2020-04-08,local,eggs,56786,1N3N4wZweshARm45CsxYqj1QGk9FinkEvE,1
2020-09-14,local,eggs,56786,12j3c66wyhC74BoKNDEdCQbMY1ZFQDBSPo,1
2020-05-05,local,cheese,56785,1EUFVeM3xXFrocuroDkEQ77ecxVcGqsT1U,1
2020-08-01,organic,broccoli,56784,18fnNqqYcjvDWuqJbQ5sXw8kSa6F9mQHX6,1
2020-04-22,local,eggs,56785,1HvDQ5d5iYUjjUSo8YQ4uxUchsJKSL7AMr,1
2020-08-03,local,eggs,56786,1KLYaejbLxp5qgBdFz433evAWRF6QhByh5,1
2020-01-20,organic,tomatoes,56786,1NwAzjXNkCRKEYEB8zeGDRjpqMY9kS5KK2,1
2020-06-30,organic,tomatoes,56782,1M9FCpgAKScvTyEbiehStMPRB1qpf8KRTK,1
2020-03-19,local,sweet potatoes,56786,1DixaN4FPPcMUnbsQC61SzbhY8QJXRPcC,1
2020-02-27,local,eggs,56782,19BQhHWXZBFDe671wctGZq4ZQPrzcA3bky,1
2020-08-17,organic,tomatoes,56785,1Lxfu3pin3gGMgsbcRTjFV4mm5DwtESKHE,1
2020-02-20,local,eggs,56784,1AMUdetp7wg7eDdSxrWbEbfCNap79M6zi5,1
2020-09-01,local,cheese,56784,178VWLty4Zcar8m5eZp7YVEQjXQq91oXSE,1
2020-06-14,local,sweet potatoes,56784,16xENjLZc5V54JGLMbbozTXVXpx44BSD7o,1
2020-02-20,organic,broccoli,56785,12Yeenc2BknLLF4L23xCQ7m99HGoPeKCsT,1
2020-09-16,excess inventory,oreos,56785,1Fw5Mect17qmuiFQf7J8RDrSzx1hpvLUSF,1
2020-09-06,local,eggs,56784,1Gats1FKqhTUz9RQCVwhkQ8qEef74m6vEw,1
2020-09-12,local,eggs,56785,1PXCZtxXhR2nyunewoiH5xY2Ug5Z5Z69vv,1
2020-07-26,local,eggs,56784,1Kf7NVgRJZ53thBh8jdAGmPHK4Cjjs5Nqc,1
2020-09-19,local,sweet potatoes,56784,1MGE6veWVC2uQz5VPi6182vNsmuMQMg3Mi,1
2020-07-28,organic,broccoli,56786,1EJr3FwkTcCAFBWUcSEwWmCnjrRYeXAcVw,1
2020-10-16,organic,tomatoes,56785,1HQfxhSWmTRTzg56ptjkzpcA84Rihyjr76,1
2020-04-02,organic,brussels sprouts,56784,1K64SLwZjBLxsijNyR2NNyLUDQ6hNNBeP1,1
2020-02-22,local,eggs,56786,1KRG4fDCM4udQj8b8FYBYrYERMoQQeFkWD,1
2020-10-08,local,tomatoes,56782,1PDjydJAvTE72piaXGzxSdPrF48V3jS1qS,1
2020-10-07,excess inventory,oreos,56786,1AAFpZJ5GoigDK6btdvov8dYya1onGTZuu,1
2020-06-21,local,cheese,56786,1C3wTNxiC6UzdBcDRwMDhHmqfewV6X4CKf,1
2020-07-15,organic,brussels sprouts,56786,1EeESezeUy1EJoYv5WyEd4RsTFcTCDGC8f,1
2020-08-10,local,eggs,56786,1DnxkjJ8kzTmmRv4YbTJN3k4WDbUgDBhfG,1
2020-09-21,organic,broccoli,56786,19irdxJ2n2CKZwT5CK9K4TfGQkqXnGxnzN,1
2020-01-22,local,eggs,56786,1BWGaTHhVARejWW27BniWUHqVhMpxeyAe2,1
2020-03-22,local,cheese,56786,15YQyyqwPXhzuYwhUTT819zBY3WaHdb8xd,1
2020-03-04,local,eggs,56785,1Kajo2R8i1v4ExhdKp5EhtGiKK76aHhckh,1
2020-05-13,local,cheese,56785,1FbeTCekqsRF9D53Nz45qjLFR3hvRnVDq1,1
2020-08-22,organic,tomatoes,56784,1JyNKDSqePCBKeTXhNoxKXPF7VNV5a1WWJ,1
2020-05-31,local,cheese,56786,1LkGd6bei4cVLnckgRPk7jMxYiSEyqBnBw,1
2020-10-22,organic,broccoli,56784,17oKsqwwEp5rPL4e14sGB9sK3e4M91A4ti,1
2020-08-10,organic,broccoli,56784,1GqdfJmBJPtVeUrFogPYUB2vKYEvnoTuSf,1
2020-03-07,local,eggs,56786,12tWPJPTsgxNDVDMVqJ3Wk9nXYnLSVhPvc,1
2020-04-03,organic,tomatoes,56784,1EPS4rHKKiGpuhXxFHTEmPRnn7P3RAisn9,1
2020-09-10,holiday promotion,cranberry sauce,56786,1B51tfRmH83mRiHdUEq7K3nX6fvPBEN7Gn,1
2020-07-08,local,eggs,56784,1A6qgiULzZ9oe7C4oTBNnnAXnzsD1pyVDu,1
2020-04-21,local,cheese,56786,1Gom4Y8oijnNfhidez2LzW3FDWwGex1g4H,1
2020-06-23,organic,broccoli,56785,1DVhaCS3Mj3QiJkGxAU9FEQVpzVCzfanrF,1
2020-01-19,local,tomatoes,56786,1Ayu1KqDm5zAkWHK6u8CFkq74bQm8b5Z2a,1
2020-03-05,local,eggs,56786,1DFiHe851BJYwpzvVcbbvRWyfa34RR4vZH,1
2020-02-05,local,eggs,56785,1L1ovBXhx5nShTX1vuiTh5rUFgyeL1d2RH,1
2020-10-16,local,eggs,56784,1MKqd8B61MT2SMhJSGMpBgQt1rTi7ywktP,1
2020-01-26,local,tomatoes,56786,1EvfGMwrk81bQtuuT2pLHuGynkete89zoF,1
2020-08-14,excess inventory,oreos,56782,1F9BLfsT47tqvKik813EHZnvMhxLiqcAfM,1
2020-02-06,local,eggs,56782,17L7yqzmuCR4Z9HzgujCHivKk7w66qo5Nx,1
2020-08-14,excess inventory,oreos,56782,1MEfb39b1kW5krnZsg9UTmA8QxbAxhPaTg,1
2020-04-02,excess inventory,summer squash,56786,17gfdQZHF8bW2nB3DwvCV4x92Yyvgv9vRW,1
2020-04-16,organic,tomatoes,56785,1L4QYSoQyKY2igyvugGPcv8qmuzNfTVooN,1
2020-01-03,organic,broccoli,56786,1DR23iUY9S6VoRtufZdpgenupzKMoogRgN,1
2020-02-28,local,cheese,56785,1MmvRmQU6U6fR4uFQYpPWVi6gPfMsjXAUb,1
2020-01-23,local,cheese,56785,17AYAb4U7Vc1oFZDPwWhw3n1Rci3Nts95,1
2020-04-21,organic,broccoli,56785,1HmNeaqo56bPprz3nsuPUJAL7BkuNaHpRg,1
2020-07-22,local,sweet potatoes,56784,1LD2r4DwDVe4p9aMJQ5RhftJsTBzxcNfHy,1
2020-07-12,local,eggs,56784,1PdBYHDzw4afQygp38KTpm87bN2UHgMJrz,1
2020-05-14,excess inventory,summer squash,56786,1EEo8qK7rBXkHsDv3Rg8RB6SwRZ9Frrw9h,1
2020-04-29,local,eggs,56786,15Y2H8fdyhJrQebMkJ4i9CXKrYFigTXddW,1
2020-02-19,excess inventory,summer squash,56784,1HZsdah3AKe5NL2V5D6tDcZ87LRfUd9QA1,1
2020-01-15,organic,broccoli,56785,1FX8sViqQnUv51QDXRiK6pur3KzXaRKwUP,1
2020-02-23,local,sweet potatoes,56786,1A6UQLpreKseaaQ3Lw4URNpqnVm3WF3mcS,1
2020-01-21,holiday promotion,cranberry sauce,56784,1DxCxA8etHqdkeQgqjZ5qUtYxwU5wEcm7M,1
2020-04-21,excess inventory,oreos,56786,16dFX4aWwDmGVyKjTAYz1BHwmpD19c4TAo,1
2020-06-17,organic,broccoli,56782,15S3CvrSGyrm5gKi2xgwYqvgEneTQmHRag,1
2020-10-11,local,sweet potatoes,56785,1J9sBLB6wCCUSY6kJ3HRwxW2qUsW7v1WAi,1
2020-05-17,excess inventory,cranberry sauce,56784,1AW3iRudwJrxXxcNdANwTFvRP2zj1QvrB,1
2020-09-11,local,eggs,56786,16YLeYMnLv8BGhmv91K3ySwyVbqtDyWoGo,1
2020-01-01,excess inventory,oreos,56784,1C8yN7jHPGWztUdm2mwh5LStHogZzFKX2X,1
2020-10-07,excess inventory,oreos,56786,1AuJAKgb7HqEoMCsG79JMxpTrSMut54ZUV,1
2020-09-29,local,cheese,56782,1LzN5i76nu3HRumef1g6b5bKuxjvQgrUjJ,1
2020-09-15,local,eggs,56782,19GJaebM7xrTeBFFe3wDfnJJWAS1WaF7ym,1
2020-01-01,organic,broccoli,56786,1H63he5nMwwWpiT3VkQHorSbMwBW4MDrre,1
2020-05-27,organic,broccoli,56784,1GYej5wJTfjYzw5y8Q1UgeLthss3FNaSxF,1
2020-02-26,organic,brussels sprouts,56786,1GzWsqLGTuRXwnZKVucvsVqPgawdjeNNmW,1
2020-03-28,organic,broccoli,56784,12wCpGjoBrrGbDuKsWMBab3RFXGf8vc8hh,1
2020-06-26,excess inventory,oreos,56786,18V5huB9winwySvu3NH6LhhWTqpZ6Zy4rp,1
2020-03-19,organic,tomatoes,56782,126xHgU6AxHLhtaAU9fUi51uLntNbcNXVN,1
2020-01-24,local,eggs,56782,1A7QzCjGoDEsfCC2h2zT6scekdLP3s9rKT,1
2020-02-13,organic,brussels sprouts,56786,1LDUiCEM2S8Nkbqg6UHs9JNSA9Dav4NXrZ,1
2020-01-23,organic,tomatoes,56784,1Q6hLLGxDogETX6z8zbJbjmtnyRLEmCbL9,1
2020-03-26,organic,broccoli,56782,17WJhrFXBirKUYVGvapU13WTXZ3DTwYkTG,1
2020-08-31,holiday promotion,cranberry sauce,56784,1KYvLP1yX1wwXdumASpsHqLYvnzUfJPby2,1
2020-10-04,organic,broccoli,56784,1B5Bvsh3nwg66gJQ6SgSELoy8txqwE5g5,1
2020-07-25,holiday promotion,turkey,56786,1MMRPaQJ63tfCrGSWKyW3bZ47e2rftxkRP,1
2020-09-25,local,eggs,56786,1M4UuM5dJmKTtYd72AXEWqzELr1MY8oeFw,1
2020-06-12,local,cheese,56786,18q6BETs8pid1LovYbXrkXeRqsAmkCUfQs,1
2020-01-13,excess inventory,summer squash,56786,1HcAWoaFGnM7AQE61dfE3J3yWf2BouDB6p,1
2020-01-31,excess inventory,summer squash,56786,1CieBdUWYDNbsMX9dGCXQiBhhrV6eFvTzo,1
2020-06-17,holiday promotion,cranberry sauce,56786,1ALMDvxLnqFuT4gFGevXcp72qVLPBxVuE3,1
2020-08-03,local,tomatoes,56785,1E8KLwcVXNqFryebwy3oCaeDWhKQWBKnBA,1
2020-08-30,local,tomatoes,56785,1PrBTq9hsewi56arx3o9MzZ9tuKgwC6LPK,1
2020-10-01,local,eggs,56784,1M1CVF5YxUQ2Sgi8vBN1L4YrLumgMKPXyq,1
2020-03-02,organic,tomatoes,56784,15ptidYZVzCFRj69d1sbVGmtm9idwgXX8L,1
2020-09-12,local,sweet potatoes,56786,14adkqMVa6iL2Eim7wRSbKH2n23RBWZPKN,1
2020-04-01,holiday promotion,apple pie,56786,17u1DbjkiK4kc32ScXtEgT6WcXVpoBtQLk,1
2020-08-07,organic,tomatoes,56785,1LC4tQ8Tsx1biKahanEpgZ9foSUKA6imq6,1
2020-02-18,organic,broccoli,56785,18S4DugytnPbjNizEjbEJj1G7DoJGXdoJy,1
2020-05-29,organic,tomatoes,56782,1CgWdsaAx8VRhsHyWWWtU8GVjLy6DW5NZk,1
2020-09-26,local,eggs,56785,1P3fu1kKW6LPwqDemSu6nKA9AqU3VDtgo8,1
2020-06-10,local,eggs,56786,1Q7jejvNj4wPdTXUSUHJcSzbSPintXS9y5,1
2020-01-10,local,eggs,56784,1J3gnsZfAuPsqE7BXKTeouoa8sJP2aWz82,1
2020-02-19,organic,brussels sprouts,56786,1N8U37wqpjyvJB6a22cz1Uiq5Uzx6yzQ5E,1
2020-09-21,organic,brussels sprouts,56786,13sWaLRQVtLwwFMoitX1yYLv1rAL4WZGhL,1
2020-02-20,local,cheese,56784,1JFKbnxYj5zWVpVseQ2n7rGCv4XLfwCMxH,1
2020-06-19,organic,broccoli,56784,1GcYJFDfBCBuHCCLnxweoCWouU9YZZzBEE,1
2020-01-27,local,cheese,56784,1BN27DhJXG97yr49RsjhyDr9vjREGQwWAG,1
2020-01-02,local,eggs,56784,151FHXFtckayKRNyDSzkWXR1CAcdDXBrhC,1
2020-09-16,excess inventory,oreos,56786,1MF9S6rzChfq1DZMfTbQe3dpCSEaBjcHnq,1
2020-02-11,local,eggs,56786,14oVDej257VD3DjUfiymKK2rY8smGdCtns,1
2020-02-02,excess inventory,oreos,56784,1Nk8hXmXEsxiE6KHcUm1CimHU45c7zaRJa,1
2020-04-09,organic,broccoli,56784,1KQjWA72Cwvk4NiJfXggWek7LJkWAqgbzQ,1
2020-09-17,organic,brussels sprouts,56786,1B66heXs3wSTBEZHMiFRwxvBGoBJV5ZqQr,1
2020-03-12,holiday promotion,cranberry sauce,56786,1AqUiGyKdwXjMWn2HLpyRuu7FbxzmxLgXb,1
2020-03-07,local,eggs,56784,16o5yTmNcnBKccZA6D5Uf2u3VzeuxfzzmA,1
2020-05-17,organic,brussels sprouts,56786,1BAmMenSP8WBmjGPY4nzun8vosi5MgsQ3J,1